[
  {
    "Id": "240066",
    "ThreadId": "70472",
    "Html": "<p>i'm trying to get a control to run on a second thread. but i'm having a few issues. the first is that i'm not sure how to get the available size to pass into the measure call that's in the&nbsp;<span style=\"font-family:Consolas;font-size:x-small\"><span style=\"font-family:Consolas;font-size:x-small\">RootVisual </span></span>property of the&nbsp;<span style=\"font-family:Consolas;color:#2b91af;font-size:x-small\"><span style=\"font-family:Consolas;color:#2b91af;font-size:x-small\"><span style=\"font-family:Consolas;color:#2b91af;font-size:x-small\">VisualTargetPresentationSource<span style=\"color:#000000\"> class. maybe it's a problem in my actual control...</span></span></span></span></p>\r\n<p><span style=\"font-family:Consolas;color:#2b91af;font-size:x-small\"><span style=\"font-family:Consolas;color:#2b91af;font-size:x-small\"><span style=\"font-family:Consolas;color:#2b91af;font-size:x-small\"><span style=\"color:#000000\">another issue i'm having is with is when i have an animation using HLSL effects it doesn't want to play with me at all B(</span></span></span></span></p>",
    "PostedDate": "2009-09-29T09:17:35.82-07:00",
    "UserRole": null,
    "MarkedAsAnswerDate": null
  },
  {
    "Id": "240094",
    "ThreadId": "70472",
    "Html": "<p>Layout across the threads is difficult, because the threads are independent.&nbsp; So, for example, the controls on the worker thread could decide to change size (their content got larger, or the string got longer, or something).&nbsp; You could asynchronously pass that to the UI thread to use as the HostVisual's size.&nbsp; But if layout on the UI thread further constrains the layout size, then you would have to asynchronously pass the constraint back to the worker thread... who would re-run layout and might end up with a different size again...</p>\r\n<p>The simplest technique is probably more static.&nbsp; Decide on a fixed size for the worker thread's content and use that when measuring the root.</p>\r\n<p>I'm not aware of any issues with shader effects... Can you post a repro?</p>",
    "PostedDate": "2009-09-29T10:12:04.907-07:00",
    "UserRole": null,
    "MarkedAsAnswerDate": null
  },
  {
    "Id": "280604",
    "ThreadId": "70472",
    "Html": "<p>Is it a bug or a feature, in case when UI thread that renders content of an HostVisual class object is blocked, the entire parent window becomes blocked as well?</p>\r\n<p>i.e. I added private FrameworkElement _player to class Window1 which is for demonstration purposes always assigned inside MediaWorkerThread method:</p>\r\n<p style=\"padding-left:60px\">visualTargetPS.RootVisual = _player = CreateMediaElement();</p>\r\n<p>then if I change your provided sample OnLoaded event:</p>\r\n<div style=\"color:Black;background-color:White\">\r\n<pre>        <span style=\"color:Blue\">private</span> <span style=\"color:Blue\">void</span> OnLoaded(<span style=\"color:Blue\">object</span> sender, RoutedEventArgs e)\r\n        {\r\n            Player1.Child = CreateMediaElementOnWorkerThread();\r\n            Player2.Child = CreateMediaElementOnWorkerThread();\r\n            Player3.Child = CreateMediaElementOnWorkerThread();\r\n\r\n            _player.Dispatcher.BeginInvoke(\r\n                (ThreadStart)<span style=\"color:Blue\">delegate</span>()\r\n                {\r\n                  Thread.Sleep(10000);\r\n                },\r\n                System.Windows.Threading.DispatcherPriority.Normal,\r<span style=\"color:Blue\">null</span>\r\n            );\r\n        }\r</pre>\r\n</div>\r\n<p>entire parent window (main UI thread I suppose) will be blocked after loading for 10 secs?!</p>\r\n<p>&nbsp;</p>",
    "PostedDate": "2010-01-22T07:52:02.33-08:00",
    "UserRole": null,
    "MarkedAsAnswerDate": null
  },
  {
    "Id": "280676",
    "ThreadId": "70472",
    "Html": "\r\n<span style=\"font-size:11pt\">\r\n<div>This is the consequence of the single-threaded message-pumping design that Win32 is built on.  Almost all interaction with windows in Win32 is done through messages.  Every window is owned by a thread, and that window is only responsive if the owner thread\r\nis pumping messages.  WPF is no different.  </div>\r\n<div> </div>\r\n<div> </div>\r\n</span>\r\n",
    "PostedDate": "2010-01-22T10:49:44.9-08:00",
    "UserRole": null,
    "MarkedAsAnswerDate": null
  },
  {
    "Id": "280898",
    "ThreadId": "70472",
    "Html": "<p>I understand that, but I did not know that it is normal behavior when the worker thread which owns the element tree that is being rendered into its own VisualTarget blocks - the owner thread of the window containing the HostVisual parent object will be blocked as well - I supposed that in that case visual contents of HostVisual objects on parent window will not be updated but the window will remain responsive.</p>\r\n<p>So by using this approach via VisualTarget/HostVisual objects we can not really achieve asynchronous rendering of heavyweight WPF visuals (i.e. complex composite drawings, large bitmaps ...) without blocking?</p>",
    "PostedDate": "2010-01-23T07:16:13.663-08:00",
    "UserRole": null,
    "MarkedAsAnswerDate": null
  }
]