[
  {
    "Id": "1024611",
    "ThreadId": "438882",
    "Html": "Hi, I've a touch screen application built using WPF running at HD resolution (1920 x 1080) and i have a looping background video that is also in HD. The background video runs as long as the lifetime of the app. The UI is placed &quot;above&quot; (in z order). However the UI's rendering seems jerky and laggy and I want to improve this performance. I tried using the VisualWrapper in my app to run the video in the wish to run the video in another thread however, the result is still the same, i still face jerkiness and lagging. When i run the app without the video running, my UI runs smoother as expected. Can you suggest a way to improve my UI responsiveness? \r<br />\n<br />\nTHANKS!<br />\n",
    "PostedDate": "2013-04-02T21:54:16.773-07:00",
    "UserRole": null,
    "MarkedAsAnswerDate": null
  },
  {
    "Id": "1025048",
    "ThreadId": "438882",
    "Html": "WPF already decodes video on separate threads, so that is why you did not see any advantage.\r<br />\n<br />\nIs the video running at full resolution?  That might be pretty heavy regardless.  Try using a lower-resolution video if it is just for background effects.\r<br />\n<br />\nTry different codecs.  The degree of GPU acceleration differs depending on the codec.\r<br />\n<br />\nIs your app using layered windows (semi-transparent)?  If so, we have to read the video memory into system memory which is pretty expensive.\r<br />\n<br />\nAre you using software rendering?  That can be very expensive.  WPF can render in hardware (GPU assist) and it also supports in rendering on the CPU.  The CPU us much more expensive.  Perhaps your app is rendering in software?  You can force software rendering, but you cannot force hardware rendering.  WPF uses hardware rendering if it thinks the GPU is supported (and it has not been forced to use software).\r<br />\n<br />\nGood luck!<br />\n",
    "PostedDate": "2013-04-03T12:19:58.9-07:00",
    "UserRole": null,
    "MarkedAsAnswerDate": null
  },
  {
    "Id": "1025232",
    "ThreadId": "438882",
    "Html": "Hi thanks for the reply.\r<br />\n<br />\nThe video I am running is at HD 1920 by 1080 resolution, in Avi format and it's 12.2MB.  I will try different codecs.  But how do i know what codec is it running in wpf?\r<br />\n<br />\nThanks!<br />\n",
    "PostedDate": "2013-04-03T23:39:34.637-07:00",
    "UserRole": null,
    "MarkedAsAnswerDate": null
  },
  {
    "Id": "1025620",
    "ThreadId": "438882",
    "Html": "<a href=\"http://en.wikipedia.org/wiki/Audio_Video_Interleave\" rel=\"nofollow\">AVI</a> is just a container format.  The video stream inside of it can be in virtually any format, including Full Frame (Uncompressed), Intel Real Time (Indeo), Cinepak, Motion JPEG, Editable MPEG, VDOWave, ClearVideo / RealVideo, QPEG, and MPEG-4 Video.<br />\n\r<br />\nI'm not certain the codec is the problem.  It might simply be that the video is too large, or that the WPF app is using software rendering for some reason.<br />\n",
    "PostedDate": "2013-04-04T12:43:52.227-07:00",
    "UserRole": null,
    "MarkedAsAnswerDate": null
  }
]