[
  {
    "Id": "683830",
    "ThreadId": "275788",
    "Html": "\r\n<p>I write code below.</p>\r\n<p>...<br>\r\ncolorKeyBmp.Source = bitSrc;&nbsp;<br>\r\n...</p>\r\n<p>but &nbsp;it does not update colorKeyBmp.</p>\r\n<p>What's wrong?</p>\r\n",
    "PostedDate": "2011-10-13T10:25:21.343-07:00",
    "UserRole": null,
    "MarkedAsAnswerDate": null
  },
  {
    "Id": "683899",
    "ThreadId": "275788",
    "Html": "<p>Unfortunately, WPF caches the contents of the bitmap and so it is not possible to change it at runtime.&nbsp; You have to replace the bitmap with a new one.</p>",
    "PostedDate": "2011-10-13T12:33:41.603-07:00",
    "UserRole": null,
    "MarkedAsAnswerDate": null
  }
]