[
  {
    "Id": "692266",
    "ThreadId": "277915",
    "Html": "\r\n<p>I tried to move Rectangle Control.</p>\r\n<p>And Background Image is rendered by <strong>ColorkeyBitmap</strong> for transparency.</p>\r\n<p>But unfortunately redrawing UI doesn't work.</p>\r\n<p>When i remove ColorkeyBitmap, redrawing UI succeedes.(also I have ever used invalidateValue but the result is same.)</p>\r\n<p>What do you think is the problem?</p>\r\n<p>The Only reason why i use ColorkeyBitmap is to apply transparency property.</p>\r\n<p>Please help me.</p>\r\n<p>Thank you.</p>\r\n",
    "PostedDate": "2011-11-01T10:55:47.383-07:00",
    "UserRole": null,
    "MarkedAsAnswerDate": null
  },
  {
    "Id": "692508",
    "ThreadId": "277915",
    "Html": "<p>WritePreamble() and&nbsp;WritePostscript() are used in CopyPixelsCore() in ChainedBitmap.cs.</p>\n<p>When I remove those two functions, the problem above is solved.(ChainedBitmap is parent of ColorkeyBitmap)</p>\n<p>&nbsp;</p>\n<div style=\"color: black; background-color: white;\">\n<pre><div style=\"color: black; background-color: white;\"><pre><span style=\"color: green;\">//  WritePreamble();</span>\n    _formatConverterSourceFormat = sourceFormat;\n    _formatConverter = <span style=\"color: blue;\">new</span> FormatConvertedBitmap(source, destinationFormat, Palette, 0);\n<span style=\"color: green;\">//  WritePostscript();</span></pre>\n</div>\n</pre>\n</div>\n<p>What's difference of two cases?</p>\n<p>Is there any problem if i remove&nbsp;WritePreamble() and&nbsp;WritePostscript() ?</p>",
    "PostedDate": "2011-11-01T20:21:24.337-07:00",
    "UserRole": null,
    "MarkedAsAnswerDate": null
  },
  {
    "Id": "692964",
    "ThreadId": "277915",
    "Html": "<p>WritePreamble is ensures that the freezable can be changed. It checkes two conditions:</p>\r\n<p>1) That the calling thread is the owner thread of the freezable. Freezables are not thread-safe, they can only be updated by the thread that created them.<br />2) That the freezable is not frozen. Frozen freezables cannot be modified, that are in a read-only state.</p>\r\n<p>WritePostscript raises the changed notifications for the freezable. This includes calling the OnChanged virtual, invalidating sub properties, and raising the Changed event.</p>\r\n<p>Both are extrememly important to the correct functioning of a freezable.</p>\r\n<p>I'm not certain as to what you are trying to do.&nbsp; A repro is always useful.</p>",
    "PostedDate": "2011-11-02T14:08:19.877-07:00",
    "UserRole": null,
    "MarkedAsAnswerDate": null
  }
]