[
  {
    "Id": "577228",
    "ThreadId": "248881",
    "Html": "\r\n<p>Ok, so&nbsp; I have been using the CustomBitmap class for a custom movie format player.&nbsp; My question is if there is a way to call CopyPixels only once per frame&nbsp; instead of once per row.&nbsp; I have mirrored the basic architecture of CustomBitmap\r\n for use in Windows Forms using the PictureBox and Bitmap classes, and I can write parallel code there because I can control when the CopyPixels method is called (once per set of PictureBox.Image).&nbsp; This does not appear to be the case in Wpf using the\r\n Image control, my breakpoint in the CopyPixels method is hit for each row in the image, disallowing any sort of parallel bit copying (copying multiple row bits concurrently).&nbsp; Is there a flag on the Image control I need to set?</p>\r\n",
    "PostedDate": "2011-03-08T08:15:46.567-08:00",
    "UserRole": null,
    "MarkedAsAnswerDate": null
  },
  {
    "Id": "579125",
    "ThreadId": "248881",
    "Html": "<p>Interesting!&nbsp; I was not aware that CopyPixels was called per row.&nbsp; That seems odd.&nbsp; Anyways, there are probably better options for WPF:</p>\r\n<p>1) Use D3DImage to render a DX surface.</p>\r\n<p>2) Create an InteropBitmap around a shared memory surface, write to the shared memory yourself, and call InteropBitmap.Invalidate() when the content changes.</p>\r\n<p>3) Use WriteableBitmap, which is a little slower due to the overhead of system-memory copies.</p>",
    "PostedDate": "2011-03-11T09:31:02.957-08:00",
    "UserRole": null,
    "MarkedAsAnswerDate": null
  },
  {
    "Id": "580053",
    "ThreadId": "248881",
    "Html": "<p>Thanks for the alternative suggestions.&nbsp; CustomBitmap was the first thing I found that seemed to be possible for what I needed.&nbsp; I'll take a look at some of those others.</p>",
    "PostedDate": "2011-03-14T08:01:19.833-07:00",
    "UserRole": null,
    "MarkedAsAnswerDate": null
  },
  {
    "Id": "580057",
    "ThreadId": "248881",
    "Html": "<p>On my other thread about the memory leak, the repro example also repro's the per row call, which is why I added a row counter to my version of the CustomBitmapBase class.&nbsp; I did not expect it either from looking at your code and would not have found it if I weren't trying to use Parallel for loops inside of CopyPixelsCore.</p>",
    "PostedDate": "2011-03-14T08:05:02.737-07:00",
    "UserRole": null,
    "MarkedAsAnswerDate": null
  }
]