[
  {
    "Id": "1046618",
    "ThreadId": "444460",
    "Html": "Dwayne,\r<br />\n<br />\nI know the original post on multi UI threads is six years old, but it really saved me some headaches when I needed to show a busy indicator while a third-party control had the main UI thread tied-up in a way I couldn't offload to a background worker.\r<br />\n<br />\nJust wanted to say thanks for a very useful piece of code.<br />\n",
    "PostedDate": "2013-05-21T09:38:40.377-07:00",
    "UserRole": null,
    "MarkedAsAnswerDate": null
  },
  {
    "Id": "1046622",
    "ThreadId": "444460",
    "Html": "Awesome, sounds like a great use of this technique.<br />\n",
    "PostedDate": "2013-05-21T09:51:09.553-07:00",
    "UserRole": null,
    "MarkedAsAnswerDate": null
  }
]