[
  {
    "Id": "564064",
    "ThreadId": "245478",
    "Html": "\r\n<p>From the profile data I have, it appears that the System.Windows.Controls.Image class is holding on to image byte[] arrays even after I assign a different Image.Source.&nbsp; Am I using Image properly?</p>\r\n<p></p>\r\n<div style=\"color:black; background-color:white\">\r\n<pre>        <span style=\"color:blue\">private</span> <span style=\"color:blue\">void</span> button1_Click(<span style=\"color:blue\">object</span> sender, RoutedEventArgs e)\r\n        {\r\n\r\n            myIrIm = <span style=\"color:blue\">new</span> SOPM.Imaging.Gray16SOPM(<span style=\"color:#a31515\">@&quot;c:\\Imagery Dataset\\tau640_11-08-10_230337.ADF&quot;</span>);\r\n\r\n            myIrIm.LoadFrame(imageCount);\r\n            \r\n            image1.Source = myIrIm;\r\n            \r\n            &#43;&#43;imageCount;\r\n        }\r\n</pre>\r\n</div>\r\nI can't find any examples on how to change the Image.Source (or to make the image displayed change) without creating a new instance of a CustomBitmap child class.&nbsp; The problem appears to be that the Image control never releases ANY reference set to Image.Source.\r\n<p></p>\r\n<p>The source file is actually multiple frames and I am trying to create what is, essentially, a movie player for a custom format.</p>\r\n",
    "PostedDate": "2011-02-10T09:25:03.41-08:00",
    "UserRole": null,
    "MarkedAsAnswerDate": null
  },
  {
    "Id": "564097",
    "ThreadId": "245478",
    "Html": "<div>\n<p><span style=\"font-size: 11pt;\">This doesn&rsquo;t sound familiar. Please investigate a little further with a managed memory profiler to confirm the chain of references keeping the byte[] alive. </span></p>\n<p><span style=\"font-size: 11pt;\">&nbsp;</span></p>\n<p><span style=\"font-size: 11pt;\">If you don&rsquo;t have a memory profiler, CLRProfiler is a free one:</span></p>\n<p><span style=\"font-size: 11pt;\"><a href=\"http://blogs.msdn.com/b/davbr/archive/2011/02/01/clrprofiler-v4-released.aspx\">http://blogs.msdn.com/b/davbr/archive/2011/02/01/clrprofiler-v4-released.aspx</a></span></p>\n<p>&nbsp;</p>\n</div>",
    "PostedDate": "2011-02-10T10:18:03.027-08:00",
    "UserRole": null,
    "MarkedAsAnswerDate": null
  },
  {
    "Id": "564120",
    "ThreadId": "245478",
    "Html": "\r\n<p>First off, thanks for the quick reply!<br>\r\n<br>\r\nI have checked with a profiler: JetBrains dotTrace memory profiler. Even implementing IDisposable and disposing each of my CustomBitmapSource objects, they still remain on the heap. They show up under the &quot;Garbage Collector Handle&quot; , but they don't ever seem\r\n to be collected, so I may have been mistaken when I said the Image control was holding the references. If I could make the Image control update/refresh itself on the screen I wouldn't have to make a new object every time... I guess I could make some sort of\r\n factory object that contains the CustomBitmapSource sub-type and have it handle the file stream and buffer byte[] so that those would be re-used for each new BmpSource object created by the factory, but I would like to understand why these objects aren't being\r\n collected in the first place so I can effectively work around or fix the root problem.<br>\r\n<br>\r\nBTW, thanks for the MS profiler, I tried to find this but could only fins the .NET v2.0 one, which won't work on .NFW v4.0 code. Neither one seems to know the app has started...<br>\r\n<br>\r\nJoshua A. Sells <br>\r\nComputer Engineer <br>\r\n<br>\r\n</p>\r\n",
    "PostedDate": "2011-02-10T10:52:03.487-08:00",
    "UserRole": null,
    "MarkedAsAnswerDate": null
  },
  {
    "Id": "564124",
    "ThreadId": "245478",
    "Html": "\r\n<p>Just speculating: could the unsafe blocks be affecting the GC's collection algorithm?&nbsp; I have known about unsafe blocks, in concept, but have little experience actually using them so I'm not sure of the potential pitfalls that may be in that realm.</p>\r\n",
    "PostedDate": "2011-02-10T11:04:39.163-08:00",
    "UserRole": null,
    "MarkedAsAnswerDate": null
  },
  {
    "Id": "564416",
    "ThreadId": "245478",
    "Html": "<div>\n<p><span style=\"font-size: 11pt;\">Do use GCHandle.Alloc? That would create a GC handle that might get pinned in memory. Any pointers used within unsafe blocks would, I think, get unpinned at the end of the block. But it might be worth experimenting with.</span></p>\n</div>",
    "PostedDate": "2011-02-10T23:06:08.683-08:00",
    "UserRole": null,
    "MarkedAsAnswerDate": null
  },
  {
    "Id": "565871",
    "ThreadId": "245478",
    "Html": "<blockquote style=\"border: 0.1em solid #cccccc; font-style: italic; margin: 0.25em 1em 0pt; padding: 0pt 0.25em;\">I do use a GCHandle.Alloc call within my derived CustomBitmap class.&nbsp; I followed the pattern you used in CustomBitmap with a try...catch...finally to make sure that GChandle.Free() is always called.&nbsp; As I stated, from my profiler, I do believe that the GC owns the memory that is \"leaking\" but never releases it.&nbsp; I am working the factory patern impl now.&nbsp; I will post the results of that effort.<br /></blockquote>\r\n<blockquote style=\"border: 0.1em solid #cccccc; font-style: italic; margin: 0.25em 1em 0pt; padding: 0pt 0.25em;\"><strong>DwayneNeed wrote:</strong><br /></blockquote>\r\n<blockquote style=\"border: 0.1em solid #cccccc; font-style: italic; margin: 0.25em 1em 0pt; padding: 0pt 0.25em;\">\r\n<div>\r\n<p><span style=\"font-size: 11pt;\">Do use GCHandle.Alloc? That would create a GC handle that might get pinned in memory. Any pointers used within unsafe blocks would, I think, get unpinned at the end of the block. But it might be worth experimenting  with.</span></p>\r\n<p><span style=\"font-size: 11pt;\">&nbsp;</span></p>\r\n<div>\r\n<div style=\"border-right: medium none; padding: 3pt 0in 0in; border: 1pt medium medium solid none none #b5c4df -moz-use-text-color -moz-use-text-color;\">\r\n<p><strong><span style=\"font-size: 10pt;\">From:</span></strong><span style=\"font-size: 10pt;\"> JASells [email removed] <br /> <strong>Sent:</strong> Thursday, February 10, 2011 11:05 AM<br /> <strong>To:</strong> Dwayne Need<br /> <strong>Subject:</strong> Re: Memory Leak Using Custom Bitmap w/ Image in WPF [MicrosoftDwayneNeed:245478]</span></p>\r\n</div>\r\n</div>\r\n<p>&nbsp;</p>\r\n<p><span style=\"font-size: 9pt;\">From: JASells</span></p>\r\n<div id=\"x_x_ThreadNotificationPostBody\" style=\"margin-bottom: 24pt;\">\r\n<p><span style=\"font-size: 9pt;\">Just speculating: could the unsafe blocks be affecting the GC's collection algorithm? I have known about unsafe blocks, in concept, but have little experience actually using them so I'm not sure of the potential  pitfalls that may be in that realm.</span></p>\r\n</div>\r\n</div>\r\n</blockquote>\r\n<p>&nbsp;</p>",
    "PostedDate": "2011-02-14T06:51:26.28-08:00",
    "UserRole": null,
    "MarkedAsAnswerDate": null
  },
  {
    "Id": "566142",
    "ThreadId": "245478",
    "Html": "<p>&nbsp;The factory pattern/re-using the byte[] memory buffer(s) did not help the leak.&nbsp; I tried to find a way to make sure the pointers are reclaimed, but the only pointers I am using in my unsafe block are pointers to managed memory that has already been pinned.&nbsp;&nbsp;  Looking at the memory usage via the profiler, there is only ~10MB being used, but according to taskman, I am over 200.&nbsp; The leak must be in unmanaged memory somewhere, I suspect the Image control.&nbsp; Have you ever streamed 100's of images into this control?&nbsp;  Is it designed for this?&nbsp; I can upload a simplified example, if anyone wants to see exactly what I'm doing.</p>",
    "PostedDate": "2011-02-14T14:49:31.937-08:00",
    "UserRole": null,
    "MarkedAsAnswerDate": null
  },
  {
    "Id": "566180",
    "ThreadId": "245478",
    "Html": "<div>\n<p><span style=\"font-size: 11pt;\">A simplified repro would be great. Perhaps you should use the connect site for this, as you can attach repros. We will pick it up when it gets synchronized with our internal bug system.</span></p>\n</div>",
    "PostedDate": "2011-02-14T16:22:47.883-08:00",
    "UserRole": null,
    "MarkedAsAnswerDate": null
  },
  {
    "Id": "566450",
    "ThreadId": "245478",
    "Html": "<blockquote style=\"border: 0.1em solid #cccccc; font-style: italic; margin: 0.25em 1em 0pt; padding: 0pt 0.25em;\">Where/what is the connect site? Do you have a Url? I could use my skydrive storage too.&nbsp; <br /></blockquote>\r\n<blockquote style=\"border: 0.1em solid #cccccc; font-style: italic; margin: 0.25em 1em 0pt; padding: 0pt 0.25em;\"><br /></blockquote>\r\n<blockquote style=\"border: 0.1em solid #cccccc; font-style: italic; margin: 0.25em 1em 0pt; padding: 0pt 0.25em;\"><strong>DwayneNeed wrote:</strong><br /></blockquote>\r\n<blockquote style=\"border: 0.1em solid #cccccc; font-style: italic; margin: 0.25em 1em 0pt; padding: 0pt 0.25em;\">\r\n<div>\r\n<p><span style=\"font-size: 11pt;\">A simplified repro would be great. Perhaps you should use the connect site for this, as you can attach repros. We will pick it up when it gets synchronized with our internal bug system.</span></p>\r\n<p><span style=\"font-size: 11pt;\">&nbsp;</span></p>\r\n<div>\r\n<div style=\"border-right: medium none; padding: 3pt 0in 0in; border: 1pt medium medium solid none none #b5c4df -moz-use-text-color -moz-use-text-color;\">\r\n<p><strong><span style=\"font-size: 10pt;\">From:</span></strong><span style=\"font-size: 10pt;\"> JASells [email removed] <br /> <strong>Sent:</strong> Monday, February 14, 2011 2:50 PM<br /> <strong>To:</strong> Dwayne Need<br /> <strong>Subject:</strong> Re: Memory Leak Using Custom Bitmap w/ Image in WPF [MicrosoftDwayneNeed:245478]</span></p>\r\n</div>\r\n</div>\r\n<p>&nbsp;</p>\r\n<p><span style=\"font-size: 9pt;\">From: JASells</span></p>\r\n<div id=\"x_x_ThreadNotificationPostBody\" style=\"margin-bottom: 24pt;\">\r\n<p><span style=\"font-size: 9pt;\">The factory pattern/re-using the byte[] memory buffer did not help the leak. I tried to find a way to make sure the pointers are reclaimed, but the only pointers I am using in my unsafe block are pointers to manage  memory that has been pinned. Looking at the memory usage via the profiler, there is only ~10MB being used, but according to taskman, I am over 200. The leak must be in unmanaged memory somewhere, I suspect the Image control. Have you ever streamed 100's of  images into this control? Is it designed for this? I can upload a simplified example, if anyone wants to see exactly what I'm doing.</span></p>\r\n<p><span style=\"font-size: 9pt;\">&nbsp;</span></p>\r\n</div>\r\n</div>\r\n</blockquote>\r\n<p>&nbsp;</p>",
    "PostedDate": "2011-02-15T05:56:48.463-08:00",
    "UserRole": null,
    "MarkedAsAnswerDate": null
  },
  {
    "Id": "566509",
    "ThreadId": "245478",
    "Html": "<div>\n<p><span style=\"font-size: 11pt;\">I was referring to <a href=\"http://connect.microsoft.com/WPF\">http://connect.microsoft.com/WPF</a></span></p>\n<p><span style=\"font-size: 11pt;\">&nbsp;</span></p>\n<p><span style=\"font-size: 11pt;\">However, if you can put your repro up on skydrive, that would work just as well.</span></p>\n<div>\n<div id=\"x_x_x_x_ThreadNotificationPostBody\" style=\"margin-bottom: 24pt;\">\n<p><em><span style=\"font-size: 9pt;\">&nbsp;</span></em></p>\n<p><em><span style=\"font-size: 9pt;\">&nbsp;</span></em></p>\n</div>\n</div>\n<p><span style=\"font-size: 9pt;\">&nbsp;</span></p>\n</div>",
    "PostedDate": "2011-02-15T07:37:47.877-08:00",
    "UserRole": null,
    "MarkedAsAnswerDate": null
  },
  {
    "Id": "567812",
    "ThreadId": "245478",
    "Html": "<p>Ok, I uploaded the code with about 10 frames of the sample imagery.&nbsp; <a title=\"Download from skydrive\" href=\"http://cid-255987229e4d13e3.skydrive.live.com/redir.aspx?resid=255987229E4D13E3%21134\" target=\"_blank\"> http://cid-255987229e4d13e3.skydrive.live.com/redir.aspx?resid=255987229E4D13E3!134</a>&nbsp; That should be enough to easily see the memory leak, but you can loop through those 10 frames if you want to push the memory use even higher.&nbsp; Data is Rgba, with alpha  unused.&nbsp; Code comments explain.</p>\n<p>&nbsp;</p>\n<p>P.S.&nbsp; The data file path is hard coded in the application project, so you'll have to change that to reflect your local system.</p>\n<div id=\"_mcePaste\" class=\"mcePaste\" style=\"position: absolute; left: -10000px; top: 0px; width: 1px; height: 1px; overflow: hidden;\">http://cid-255987229e4d13e3.skydrive.live.com/redir.aspx?resid=255987229E4D13E3!134</div>",
    "PostedDate": "2011-02-17T04:49:01.217-08:00",
    "UserRole": null,
    "MarkedAsAnswerDate": null
  },
  {
    "Id": "570203",
    "ThreadId": "245478",
    "Html": "<p>I am just checking to see if anyone has had a chance to take a look at the code I posted.</p>",
    "PostedDate": "2011-02-22T07:34:59.92-08:00",
    "UserRole": null,
    "MarkedAsAnswerDate": null
  },
  {
    "Id": "571883",
    "ThreadId": "245478",
    "Html": "<div>\n<p><span style=\"font-size: 11pt;\">Looks like the solution is missing the WpfImageMemLeakDemo\\SOPM\\SOPM.Imaging\\SOPM.Imaging.csproj project?</span></p>\n<p><span style=\"font-size: 11pt;\">&nbsp;</span></p>\n<div>\n<p><span style=\"font-size: 9pt;\">&nbsp;</span></p>\n</div>\n</div>",
    "PostedDate": "2011-02-24T18:04:47.887-08:00",
    "UserRole": null,
    "MarkedAsAnswerDate": null
  },
  {
    "Id": "572121",
    "ThreadId": "245478",
    "Html": "<blockquote style=\"border: 0.1em solid #cccccc; font-style: italic; margin: 0.25em 1em 0pt; padding: 0pt 0.25em;\">So it is.&nbsp;&nbsp; Here is a link to the missing project.&nbsp; <a title=\"CustomBitmapMemleakExample\" href=\"http://cid-255987229e4d13e3.office.live.com/self.aspx/.Documents/CustomBitmapMemleakExample.zip\">http://cid-255987229e4d13e3.office.live.com/self.aspx/.Documents/CustomBitmapMemleakExample.zip</a>&nbsp; Tonight I will put them into one download and fix previous posts' links.<br /></blockquote>\r\n<blockquote style=\"border: 0.1em solid #cccccc; font-style: italic; margin: 0.25em 1em 0pt; padding: 0pt 0.25em;\"><strong>DwayneNeed wrote:</strong><br /></blockquote>\r\n<blockquote style=\"border: 0.1em solid #cccccc; font-style: italic; margin: 0.25em 1em 0pt; padding: 0pt 0.25em;\">\r\n<div>\r\n<p><span style=\"font-size: 11pt;\">Looks like the solution is missing the WpfImageMemLeakDemo\\SOPM\\SOPM.Imaging\\SOPM.Imaging.csproj project?</span></p>\r\n<p><span style=\"font-size: 11pt;\">&nbsp;</span></p>\r\n<div>\r\n<p><strong><span style=\"font-size: 11pt;\">Dwayne Need</span></strong><span style=\"font-size: 11pt;\"> | WPF is <a href=\"http://career/Global/Pages/JobDetails.aspx?jid=19371\"><span style=\"color: blue;\">hiring</span></a></span></p>\r\n</div>\r\n<p><span style=\"font-size: 11pt;\">&nbsp;</span></p>\r\n<div>\r\n<div style=\"border-right: medium none; padding: 3pt 0in 0in; border: 1pt medium medium solid none none #b5c4df -moz-use-text-color -moz-use-text-color;\">\r\n<p><strong><span style=\"font-size: 10pt;\">From:</span></strong><span style=\"font-size: 10pt;\"> JASells [email removed] <br /> <strong>Sent:</strong> Tuesday, February 22, 2011 7:35 AM<br /> <strong>To:</strong> Dwayne Need<br /> <strong>Subject:</strong> Re: Memory Leak Using Custom Bitmap w/ Image in WPF [MicrosoftDwayneNeed:245478]</span></p>\r\n</div>\r\n</div>\r\n<p>&nbsp;</p>\r\n<p><span style=\"font-size: 9pt;\">From: JASells</span></p>\r\n<div id=\"x_x_ThreadNotificationPostBody\" style=\"margin-bottom: 24pt;\">\r\n<p><span style=\"font-size: 9pt;\">I am just checking to see if anyone has had a chance to take a look at the code I posted.</span></p>\r\n</div>\r\n</div>\r\n</blockquote>\r\n<p>&nbsp;</p>\r\n<div id=\"_mcePaste\" class=\"mcePaste\" style=\"position: absolute; left: -10000px; top: 0px; width: 1px; height: 1px; overflow: hidden;\">http://cid-255987229e4d13e3.office.live.com/self.aspx/.Documents/CustomBitmapMemleakExample.zip</div>",
    "PostedDate": "2011-02-25T06:25:42.267-08:00",
    "UserRole": null,
    "MarkedAsAnswerDate": null
  },
  {
    "Id": "572123",
    "ThreadId": "245478",
    "Html": "<blockquote style=\"border: 0.1em solid #cccccc; font-style: italic; margin: 0.25em 1em 0pt; padding: 0pt 0.25em;\">Btw, your hiring link is broken...<br /></blockquote>\r\n<blockquote style=\"border: 0.1em solid #cccccc; font-style: italic; margin: 0.25em 1em 0pt; padding: 0pt 0.25em;\"><strong>DwayneNeed wrote:</strong><br /></blockquote>\r\n<blockquote style=\"border: 0.1em solid #cccccc; font-style: italic; margin: 0.25em 1em 0pt; padding: 0pt 0.25em;\">\r\n<div>\r\n<p><span style=\"font-size: 11pt;\">Looks like the solution is missing the WpfImageMemLeakDemo\\SOPM\\SOPM.Imaging\\SOPM.Imaging.csproj project?</span></p>\r\n<p><span style=\"font-size: 11pt;\">&nbsp;</span></p>\r\n<div>\r\n<p><strong><span style=\"font-size: 11pt;\">Dwayne Need</span></strong><span style=\"font-size: 11pt;\"> | WPF is <a href=\"http://career/Global/Pages/JobDetails.aspx?jid=19371\"><span style=\"color: blue;\">hiring</span></a></span></p>\r\n</div>\r\n<p><span style=\"font-size: 11pt;\">&nbsp;</span></p>\r\n<div>\r\n<div style=\"border-right: medium none; padding: 3pt 0in 0in; border: 1pt medium medium solid none none #b5c4df -moz-use-text-color -moz-use-text-color;\">\r\n<p><strong><span style=\"font-size: 10pt;\">From:</span></strong><span style=\"font-size: 10pt;\"> JASells [email removed] <br /> <strong>Sent:</strong> Tuesday, February 22, 2011 7:35 AM<br /> <strong>To:</strong> Dwayne Need<br /> <strong>Subject:</strong> Re: Memory Leak Using Custom Bitmap w/ Image in WPF [MicrosoftDwayneNeed:245478]</span></p>\r\n</div>\r\n</div>\r\n<p>&nbsp;</p>\r\n<p><span style=\"font-size: 9pt;\">From: JASells</span></p>\r\n<div id=\"x_x_ThreadNotificationPostBody\" style=\"margin-bottom: 24pt;\">\r\n<p><span style=\"font-size: 9pt;\">I am just checking to see if anyone has had a chance to take a look at the code I posted.</span></p>\r\n</div>\r\n</div>\r\n</blockquote>\r\n<p>&nbsp;</p>",
    "PostedDate": "2011-02-25T06:29:37.993-08:00",
    "UserRole": null,
    "MarkedAsAnswerDate": null
  },
  {
    "Id": "572414",
    "ThreadId": "245478",
    "Html": "<div>\n<p><span style=\"font-size: 11pt;\">Your issue has been reported before:</span></p>\n<p><span style=\"font-size: 11pt;\"><a href=\"http://social.msdn.microsoft.com/Forums/en-US/wpf/thread/2113b16e-d4a2-4423-a7ae-6f386ae2706a\">http://social.msdn.microsoft.com/Forums/en-US/wpf/thread/2113b16e-d4a2-4423-a7ae-6f386ae2706a</a></span></p>\n<p><span style=\"font-size: 11pt;\">&nbsp;</span></p>\n<p><span style=\"font-size: 11pt;\">The underlying IWICBitmapSource is not being released. The above thread suggests a workaround, which is to use reflection to manually release this interface. I implemented the suggestion in your code in the CustomBitmapStream.Dispose(bool) method:</span></p>\n<p><span style=\"font-size: 11pt;\">&nbsp;</span></p>\n<p><span style=\"font-family: Consolas; font-size: 9.5pt;\"><span style=\"color: blue;\">protected</span> <span style=\"color: blue;\">virtual</span> <span style=\"color: blue;\">void</span> Dispose(<span style=\"color: blue;\">bool</span> disposing)</span></p>\n<p><span style=\"font-family: Consolas; font-size: 9.5pt;\">{</span></p>\n<p><span style=\"font-family: Consolas; font-size: 9.5pt;\"><span style=\"color: blue;\">if</span> (myFs != <span style=\"color: blue;\">null</span>)</span></p>\n<p><span style=\"font-family: Consolas; font-size: 9.5pt;\">myFs.Close();</span></p>\n<p><span style=\"font-family: Consolas; font-size: 9.5pt;\">&nbsp;</span></p>\n<p><span style=\"font-family: Consolas; font-size: 9.5pt;\">myFs = <span style=\"color: blue;\">null</span>;</span></p>\n<p><span style=\"font-family: Consolas; font-size: 9.5pt;\">&nbsp;</span></p>\n<p><span style=\"font-family: Consolas; font-size: 9.5pt;\"><span style=\"color: blue;\">var</span> field = GetType().GetField(<span style=\"color: #a31515;\">\"_wicSource\"</span>, <span style=\"color: #2b91af;\">BindingFlags</span>.Instance | <span style=\"color: #2b91af;\">BindingFlags</span>.NonPublic);</span></p>\n<p><span style=\"font-family: Consolas; font-size: 9.5pt;\"><span style=\"color: blue;\">var</span> val = (<span style=\"color: #2b91af;\">SafeHandle</span>)field.GetValue(<span style=\"color: blue;\">this</span>);</span></p>\n<p><span style=\"font-family: Consolas; font-size: 9.5pt;\">val.Close();</span></p>\n<p><span style=\"font-family: Consolas; font-size: 9.5pt;\">&nbsp;</span></p>\n<p><span style=\"font-family: Consolas; font-size: 9.5pt;\">RawFrameCache = <span style=\"color: blue;\">null</span>;</span></p>\n<p><span style=\"font-family: Consolas; font-size: 9.5pt;\">}</span></p>\n<p><span style=\"font-size: 11pt;\">&nbsp;</span></p>\n<p><span style=\"font-size: 11pt;\">&nbsp;</span></p>\n<div>\n<p><span style=\"font-size: 11pt;\">This solves the memory leak. However, I notice that after 10 button clicks or so, the image goes black. This happens before my change as well.</span></p>\n</div>\n<p><span style=\"font-size: 11pt;\">&nbsp;</span></p>\n<div>\n<p>&nbsp;</p>\n<div>\n<div id=\"x_x_x_x_ThreadNotificationPostBody\" style=\"margin-bottom: 24pt;\">\n<p><em><span style=\"font-size: 9pt;\">&nbsp;</span></em></p>\n</div>\n</div>\n<span style=\"font-size: 9pt;\">&nbsp;</span></div>\n</div>",
    "PostedDate": "2011-02-25T18:20:08.953-08:00",
    "UserRole": null,
    "MarkedAsAnswerDate": null
  },
  {
    "Id": "572415",
    "ThreadId": "245478",
    "Html": "<font style=\"font-size:11.0pt; font-family:\">There are only 10 frames in the file, so probably no data. Good to know that there is a work around. I did not find that report. Thanks for the info!<br>\r\n<br>\r\nJoshua A. Sells <br>\r\n5400 Fowler Rd. <br>\r\nAMSRD-AMR-WD-UC <br>\r\nOffice: 256.842.6925 DSN: 788.6925 <br>\r\nMobile: 256.503.9247</font><br>\r\n<br>\r\n<div style=\"border:none; border-top:solid #B5C4DF 1.0pt; padding:3.0pt 0in 0in 0in\">\r\n<font style=\"font-size:10.0pt; font-family:\"><b>From</b>: DwayneNeed [email removed]\r\n<br>\r\n<b>Sent</b>: Friday, February 25, 2011 08:20 PM<br>\r\n<b>To</b>: Sells, Joshua A AMRDEC <br>\r\n<b>Subject</b>: Re: Memory Leak Using Custom Bitmap w/ Image in WPF [MicrosoftDwayneNeed:245478]\r\n<br>\r\n</font><br>\r\n</div>\r\n<p>From: DwayneNeed</p>\r\n<div id=\"x_x_ThreadNotificationPostBody\">\r\n<div>\r\n<p><span style=\"font-size:11.0pt; font-family:\">Your issue has been reported before:</span></p>\r\n<p><span style=\"font-size:11.0pt; font-family:\"><a href=\"\">http://social.msdn.microsoft.com/Forums/en-US/wpf/thread/2113b16e-d4a2-4423-a7ae-6f386ae2706a</a></span></p>\r\n<p><span style=\"font-size:11.0pt; font-family:\"></span></p>\r\n<p><span style=\"font-size:11.0pt; font-family:\">The underlying IWICBitmapSource is not being released. The above thread suggests a workaround, which is to use reflection to manually release this interface. I implemented the suggestion in your code in the CustomBitmapStream.Dispose(bool)\r\n method:</span></p>\r\n<p><span style=\"font-size:11.0pt; font-family:\"></span></p>\r\n<p style=\"text-autospace:none\"><span style=\"font-size:9.5pt; font-family:Consolas\"><span style=\"color:blue\">protected</span>\r\n<span style=\"color:blue\">virtual</span> <span style=\"color:blue\">void</span> Dispose(<span style=\"color:blue\">bool</span> disposing)</span></p>\r\n<p style=\"text-autospace:none\"><span style=\"font-size:9.5pt; font-family:Consolas\">{</span></p>\r\n<p style=\"text-autospace:none\"><span style=\"font-size:9.5pt; font-family:Consolas\"><span style=\"color:blue\">if</span> (myFs !=\r\n<span style=\"color:blue\">null</span>)</span></p>\r\n<p style=\"text-autospace:none\"><span style=\"font-size:9.5pt; font-family:Consolas\">myFs.Close();</span></p>\r\n<p style=\"text-autospace:none\"><span style=\"font-size:9.5pt; font-family:Consolas\"></span></p>\r\n<p style=\"text-autospace:none\"><span style=\"font-size:9.5pt; font-family:Consolas\">myFs =\r\n<span style=\"color:blue\">null</span>;</span></p>\r\n<p style=\"text-autospace:none\"><span style=\"font-size:9.5pt; font-family:Consolas\"></span></p>\r\n<p style=\"text-autospace:none\"><span style=\"font-size:9.5pt; font-family:Consolas\"><span style=\"color:blue\">var</span> field = GetType().GetField(<span style=\"color:#A31515\">&quot;_wicSource&quot;</span>,\r\n<span style=\"color:#2B91AF\">BindingFlags</span>.Instance | <span style=\"color:#2B91AF\">\r\nBindingFlags</span>.NonPublic);</span></p>\r\n<p style=\"text-autospace:none\"><span style=\"font-size:9.5pt; font-family:Consolas\"><span style=\"color:blue\">var</span> val = (<span style=\"color:#2B91AF\">SafeHandle</span>)field.GetValue(<span style=\"color:blue\">this</span>);</span></p>\r\n<p style=\"text-autospace:none\"><span style=\"font-size:9.5pt; font-family:Consolas\">val.Close();</span></p>\r\n<p style=\"text-autospace:none\"><span style=\"font-size:9.5pt; font-family:Consolas\"></span></p>\r\n<p style=\"text-autospace:none\"><span style=\"font-size:9.5pt; font-family:Consolas\">RawFrameCache =\r\n<span style=\"color:blue\">null</span>;</span></p>\r\n<p style=\"text-autospace:none\"><span style=\"font-size:9.5pt; font-family:Consolas\">}</span></p>\r\n<p><span style=\"font-size:11.0pt; font-family:\"></span></p>\r\n<p><span style=\"font-size:11.0pt; font-family:\"></span></p>\r\n<div>\r\n<p><span style=\"font-size:11.0pt; font-family:\">This solves the memory leak. However, I notice that after 10 button clicks or so, the image goes black. This happens before my change as well.</span></p>\r\n</div>\r\n<p><span style=\"font-size:11.0pt; font-family:\"></span></p>\r\n<div>\r\n<div style=\"border:none; border-top:solid #B5C4DF 1.0pt; padding:3.0pt 0in 0in 0in\">\r\n<p><b><span style=\"font-size:10.0pt; font-family:\">From:</span></b><span style=\"font-size:10.0pt; font-family:\"> JASells [email removed]\r\n<br>\r\n<b>Sent:</b> Friday, February 25, 2011 6:30 AM<br>\r\n<b>To:</b> Dwayne Need<br>\r\n<b>Subject:</b> Re: Memory Leak Using Custom Bitmap w/ Image in WPF [MicrosoftDwayneNeed:245478]</span></p>\r\n</div>\r\n</div>\r\n<p></p>\r\n<p><span style=\"font-size:9.0pt; font-family:\">From: JASells</span></p>\r\n<div id=\"x_x_x_x_ThreadNotificationPostBody\" style=\"margin-bottom:24.0pt\">\r\n<blockquote style=\"border:solid #CCCCCC 1.5pt; padding:0in 3.0pt 0in 3.0pt; margin-left:12.0pt; margin-top:3.0pt; margin-right:12.0pt\">\r\n<p><i><span style=\"font-size:9.0pt; font-family:\">Btw, your hiring link is broken...</span></i></p>\r\n</blockquote>\r\n<blockquote style=\"border:solid #CCCCCC 1.5pt; padding:0in 3.0pt 0in 3.0pt; margin-left:12.0pt; margin-top:3.0pt; margin-right:12.0pt\">\r\n<p><strong><i><span style=\"font-size:9.0pt; font-family:\">DwayneNeed wrote:</span></i></strong><i><span style=\"font-size:9.0pt; font-family:\"></span></i></p>\r\n</blockquote>\r\n<blockquote style=\"border:solid #CCCCCC 1.5pt; padding:0in 3.0pt 0in 3.0pt; margin-left:12.0pt; margin-top:3.0pt; margin-right:12.0pt\">\r\n<div>\r\n<p><i><span style=\"font-size:11.0pt; font-family:\">Looks like the solution is missing the WpfImageMemLeakDemo\\SOPM\\SOPM.Imaging\\SOPM.Imaging.csproj project?</span></i><i><span style=\"font-size:9.0pt; font-family:\"></span></i></p>\r\n<p><i><span style=\"font-size:11.0pt; font-family:\"></span></i><i><span style=\"font-size:9.0pt; font-family:\"></span></i></p>\r\n<div>\r\n<p><strong><i><span style=\"font-size:11.0pt; font-family:\">Dwayne Need</span></i></strong><i><span style=\"font-size:11.0pt; font-family:\"> | WPF is\r\n<a href=\"\">hiring</a></span></i><i><span style=\"font-size:9.0pt; font-family:\"></span></i></p>\r\n</div>\r\n<p><i><span style=\"font-size:11.0pt; font-family:\"></span></i><i><span style=\"font-size:9.0pt; font-family:\"></span></i></p>\r\n<div>\r\n<div>\r\n<p><strong><i><span style=\"font-size:10.0pt; font-family:\">From:</span></i></strong><i><span style=\"font-size:10.0pt; font-family:\"> JASells [email removed]\r\n<br>\r\n<strong><span style=\"font-family:\">Sent:</span></strong> Tuesday, February 22, 2011 7:35 AM<br>\r\n<strong><span style=\"font-family:\">To:</span></strong> Dwayne Need<br>\r\n<strong><span style=\"font-family:\">Subject:</span></strong> Re: Memory Leak Using Custom Bitmap w/ Image in WPF [MicrosoftDwayneNeed:245478]</span></i><i><span style=\"font-size:9.0pt; font-family:\"></span></i></p>\r\n</div>\r\n</div>\r\n<p><i><span style=\"font-size:9.0pt; font-family:\"></span></i></p>\r\n<p><i><span style=\"font-size:9.0pt; font-family:\">From: JASells</span></i></p>\r\n<div id=\"x_x_x_x_x_x_ThreadNotificationPostBody\" style=\"margin-bottom:24.0pt\">\r\n<p><i><span style=\"font-size:9.0pt; font-family:\">I am just checking to see if anyone has had a chance to take a look at the code I posted.</span></i></p>\r\n</div>\r\n</div>\r\n</blockquote>\r\n<p><span style=\"font-size:9.0pt; font-family:\"></span></p>\r\n</div>\r\n</div>\r\n</div>\r\n",
    "PostedDate": "2011-02-25T18:27:19.267-08:00",
    "UserRole": null,
    "MarkedAsAnswerDate": null
  },
  {
    "Id": "1290061",
    "ThreadId": "245478",
    "Html": "I know that this entry is quite old, but I just stumbled upon it and noticed that this behaviour changed from .NET 4.0 to .NET 4.5. The latter does no longer produce memory leaks.\r<br />\n<br />\nThe root cause for the memory leak is the internal ManagedBitmapSource class which is reference counted (COM) and used by the BitmapSource class. This is what the _wicSource handle points to. The ManagedBitmapSource has a reference to the original BitmapSource class, thus creating a cycle which the GC cannot break.\r<br />\n<br />\nIn .NET 4.5 the cycle is broken by making the reference from ManagedBitmapSource to the original BitmapSource a WeakReference.\r<br />\n<br />\nFor this reason the workarround described above is no longer needed from .NET 4.5 on forward.<br />\n",
    "PostedDate": "2014-08-14T07:54:57.597-07:00",
    "UserRole": null,
    "MarkedAsAnswerDate": null
  }
]