[
  {
    "Id": "664803",
    "ThreadId": "270761",
    "Html": "\r\n<p>First, sorry for my English.</p>\r\n<p><span>I</span><span>&nbsp;</span><span>tried</span><span>&nbsp;</span><span>the application</span><span>&nbsp;</span><span>CustomBitmapDemo with one big image (&#43;/- 50 Mb) loaded from disk (I have set the currect uri directly in the combobox).</span></p>\r\n<p><span><span>Each time I switch the Second BitmapSource combobox from None to C</span><span>olorKey</span><span>, the memory\r\n</span><span>continues to</span><span>&nbsp;</span><span>grow.</span></span></p>\r\n<p><span><span>I wanted to</span><span>&nbsp;</span><span>use the</span><span>&nbsp;</span><span>colorkey</span><span>&nbsp;</span><span>to replace</span><span>&nbsp;</span><span>one color with</span><span>&nbsp;</span><span>transparency, but</span><span>&nbsp;</span><span>I\r\n have big</span><span>&nbsp;</span><span>memory problems</span><span>.</span><br>\r\n<span>Is there</span><span>&nbsp;</span><span>a workaround</span><span>?</span></span></p>\r\n",
    "PostedDate": "2011-08-29T05:52:50.487-07:00",
    "UserRole": null,
    "MarkedAsAnswerDate": null
  },
  {
    "Id": "680969",
    "ThreadId": "270761",
    "Html": "<p>I have confirmed this bug in WPF, and checked in a fix for our next version.&nbsp; However, I know that doesn't do you any good; and unfortunately I&nbsp;don't know how to work around this issue in 4.0 bits.</p>",
    "PostedDate": "2011-10-06T12:33:41.707-07:00",
    "UserRole": null,
    "MarkedAsAnswerDate": null
  },
  {
    "Id": "683839",
    "ThreadId": "270761",
    "Html": "<p>I have same problem.</p>\r\n<p>Is there a workaround?</p>",
    "PostedDate": "2011-10-13T10:51:11.333-07:00",
    "UserRole": null,
    "MarkedAsAnswerDate": null
  },
  {
    "Id": "683897",
    "ThreadId": "270761",
    "Html": "<p>I have just checked in a workaround.&nbsp; I implemented IDisposable on CustomBitmap and ChainedBitmap, and use private reflection to break the problematic cycle.&nbsp; I also added a GC button to the UI to help test.</p>",
    "PostedDate": "2011-10-13T12:32:41.243-07:00",
    "UserRole": null,
    "MarkedAsAnswerDate": null
  }
]