[
  {
    "Id": "442186",
    "ThreadId": "212462",
    "Html": "<p>This project is a really good example of how to create custom BitmapSouce classes but I'd like to recomend <a href=\"http://www.i-programmer.info/programming/wpf-workings/822-custom-bitmapsource.html\">Custom BitmapSource</a>.</p>\r\n<p>It covers the same ground but it is much simpler. It then goes on to explain how to use CopyBits to create a custom BitmapSource that doesn't just encapsulate an instance of BitmapSource.</p>\r\n<p>&nbsp;</p>",
    "PostedDate": "2010-05-12T11:09:23.89-07:00",
    "UserRole": null,
    "MarkedAsAnswerDate": null
  }
]