[
  {
    "Id": "692511",
    "ThreadId": "277988",
    "Html": "\r\n<div>\r\n<div>\r\n<pre>WritePreamble();\r\n _formatConverterSourceFormat = sourceFormat;\r\n _formatConverter = <span>new</span> FormatConvertedBitmap(source, destinationFormat, Palette, 0);\r\n WritePostscript();\r\n</pre>\r\n</div>\r\n</div>\r\n<div>In some sample code,&nbsp;<span>WritePreamble() and </span>&nbsp;<span>WritePostscript() are used\r\n</span>before converting bitmapformat.</div>\r\n<div><span>but in msdn sample code no </span><span>WritePreamble() and </span><span>WritePostscript().</span></div>\r\n<div><span>Should I use those?</span></div>\r\n<div><span>What is the good point to use those two functions?</span></div>\r\n<div><span><br>\r\n</span></div>\r\n<div><span>Help me.</span></div>\r\n<div><span>Thank you</span></div>\r\n",
    "PostedDate": "2011-11-01T20:56:56.387-07:00",
    "UserRole": null,
    "MarkedAsAnswerDate": null
  },
  {
    "Id": "692963",
    "ThreadId": "277988",
    "Html": "<p>WritePreamble is ensures that the freezable can be changed.&nbsp; It checkes two conditions:</p>\r\n<p>1) That the calling thread is the owner thread of the freezable.&nbsp; Freezables are not thread-safe, they can only be updated by the thread that created them.<br />2) That the freezable is not frozen.&nbsp; Frozen freezables cannot be modified, that are in a read-only state.</p>\r\n<p>WritePostscript raises the changed notifications for the freezable.&nbsp; This includes calling the OnChanged virtual, invalidating sub properties, and raising the Changed event.</p>\r\n<p>&nbsp;</p>\r\n<p>Both are extrememly important to the correct functioning of a freezable.</p>",
    "PostedDate": "2011-11-02T14:06:21.153-07:00",
    "UserRole": null,
    "MarkedAsAnswerDate": null
  },
  {
    "Id": "693056",
    "ThreadId": "277988",
    "Html": "<p>Thank you for your answer.</p>\n<p>Let me take an example.</p>\n<p>- MainWindow.xaml</p>\n<div style=\"color: black; background-color: white;\">\n<pre>&lt;Grid&gt;\n  &lt;Image x:Name=<span style=\"color: #a31515;\">\"img\"</span> RenderOptions.BitmapScalingMode=<span style=\"color: #a31515;\">\"NearestNeighbor\"</span> /&gt;\n  &lt;TextBlock x:Name=<span style=\"color: #a31515;\">\"text\"</span> Text=<span style=\"color: #a31515;\">\"0001\"</span>/&gt;\n&lt;/Grid&gt;\n</pre>\n</div>\n<p>- MainWindow.cs</p>\n<p>&nbsp; &nbsp;There is Timer and in Timer function TextBlock updates its content per two seconds and Image updates its content per ten seconds like following.</p>\n<div style=\"color: black; background-color: white;\">\n<pre>  <span style=\"color: blue;\">if</span>(_nTime % 10 == 0)<span style=\"color: green;\">//. per 10 seconds update Image</span>\n  {\n     BitmapSource bitSrc = System.Windows.Interop.Imaging.CreateBitmapSourceFromHBitmap(\n                _hBitmapStaff,\n                IntPtr.Zero,\n                Int32Rect.Empty,\n                BitmapSizeOptions.FromEmptyOptions());\n\n     ColorKeyBitmap colorKeyBmp = <span style=\"color: blue;\">new</span> ColorKeyBitmap();\n     colorKeyBmp.TransparentColor = Color.FromArgb(255, 255, 255, 255);\n     colorKeyBmp.Source = bitSrc;\n     img.Source = colorKeyBmp;\n  }\n\n  <span style=\"color: blue;\">if</span>(_nTime % 2 == 0)<span style=\"color: green;\">//. per 2 seconds update TextBlock</span>\n  {\n      text.Text = String.Format(<span style=\"color: #a31515;\">\"{0}\"</span>, _nTime);\n      <span style=\"color: green;\">//text.invalidateVisible();</span>\n      <span style=\"color: green;\">//this.invalidateVisible();</span>\n  }</pre>\n<pre>But as I mentioned before TextBlock only updates when Image is udated.</pre>\n<pre>So I customize ChainedBitmap and remove <strong>WritePostscript</strong> then TextBlock is updated per 2 seconds.</pre>\n<pre>I don't think the main reason is <strong>WritePostscript </strong>but I tried everything I can do.</pre>\n<pre>I want you to do the code above in your spare time and help me what's the reason.</pre>\n<pre>Thanks again.</pre>\n</div>",
    "PostedDate": "2011-11-02T18:39:52.657-07:00",
    "UserRole": null,
    "MarkedAsAnswerDate": null
  },
  {
    "Id": "693061",
    "ThreadId": "277988",
    "Html": "<p>I started to try to make a repro, then realized that it was probably a better idea for you to provide the repro.&nbsp; That way we know we are talking about the right issues.&nbsp; Try to make the repro as focused as possible.</p>",
    "PostedDate": "2011-11-02T19:08:07.47-07:00",
    "UserRole": null,
    "MarkedAsAnswerDate": null
  },
  {
    "Id": "693066",
    "ThreadId": "277988",
    "Html": "<p>That's a good idea. Thank you.</p>\r\n<p>But I am not as good as you to do the good job.</p>\r\n<p>Now I really want you to give me a hint where I should update.</p>\r\n<p>Help me.</p>",
    "PostedDate": "2011-11-02T19:39:10.007-07:00",
    "UserRole": null,
    "MarkedAsAnswerDate": null
  },
  {
    "Id": "693068",
    "ThreadId": "277988",
    "Html": "<p>You obviously have some code already, which is where you see this problem.&nbsp; Can't you share it with me?</p>",
    "PostedDate": "2011-11-02T19:44:34.72-07:00",
    "UserRole": null,
    "MarkedAsAnswerDate": null
  },
  {
    "Id": "693071",
    "ThreadId": "277988",
    "Html": "<p>First, Thank you very much for you production.</p>\r\n<p>I will do my best to contribute to this.</p>\r\n<p>... ... ... ... ...</p>\r\n<p>What I did for my problem is only removing&nbsp;<span style=\"font-family: Consolas, 'Courier New', Courier, monospace; white-space: pre;\">WritePostscript() and Nothing else.</span></p>\r\n<p><span style=\"font-family: Consolas, 'Courier New', Courier, monospace; white-space: pre;\">Following Code shows what I did.</span></p>\r\n<p><span style=\"font-family: Consolas, 'Courier New', Courier, monospace;\"><span style=\"white-space: pre;\">in ChainedBitmap.cs</span></span></p>\r\n<p><span style=\"font-family: Consolas, 'Courier New', Courier, monospace; white-space: pre;\">\r\n<div style=\"color: black; background-color: white;\">\r\n<pre style=\"color: black;\">        <span style=\"color: blue;\">protected</span> <span style=\"color: blue;\">override</span> <span style=\"color: blue;\">void</span> CopyPixelsCore(Int32Rect sourceRect, <span style=\"color: blue;\">int</span> stride, <span style=\"color: blue;\">int</span> bufferSize, IntPtr buffer)\r\n        {\r\n            BitmapSource source = Source;\r\n            BitmapSource convertedSource = source;\r\n\r\n            <span style=\"color: blue;\">if</span> (source != <span style=\"color: blue;\">null</span>)\r\n            {\r\n                PixelFormat sourceFormat = source.Format;\r\n                PixelFormat destinationFormat = Format;\r\n\r\n                <span style=\"color: blue;\">if</span> (sourceFormat != destinationFormat)\r\n                {\r\n                    <span style=\"color: green;\">// We need a format converter.  Reuse the cached one if</span>\r\n                    <span style=\"color: green;\">// it still matches.</span>\r\n                    <span style=\"color: blue;\">if</span> (_formatConverter == <span style=\"color: blue;\">null</span> ||\r\n                        _formatConverter.Source != source ||\r\n                        _formatConverter.Format != destinationFormat ||\r\n                        _formatConverterSourceFormat != sourceFormat)\r\n                    {\r\n                        WritePreamble();\r\n                        _formatConverterSourceFormat = sourceFormat;\r\n                        _formatConverter = <span style=\"color: blue;\">new</span> FormatConvertedBitmap(source, destinationFormat, Palette, 0);</pre>\r\n<pre style=\"color: black;\">                        <span style=\"text-decoration: underline;\"><strong><span style=\"color: green;\">//WritePostscript();//. This Is What I Did. But Think This Is Neccessary.</span></strong></span></pre>\r\n<pre>                    }\r\n\r\n                    convertedSource = _formatConverter;\r\n                }\r\n\r\n                convertedSource.CopyPixels(sourceRect, buffer, bufferSize, stride);\r\n            }\r\n        }\r\n</pre>\r\n</div>\r\n</span></p>\r\n<p>But even if I want to repro as you mentioned, removing WritePostscript is unsafe i think.</p>\r\n<p>And that Unsatefty make me worry to make error.</p>\r\n<p>So right now I try to do everything to get the reason WHY?</p>",
    "PostedDate": "2011-11-02T20:04:02.493-07:00",
    "UserRole": null,
    "MarkedAsAnswerDate": null
  },
  {
    "Id": "693072",
    "ThreadId": "277988",
    "Html": "<p>I'm sorry we are miscommunicating.&nbsp; I am NOT asking you to fix any code in my project.&nbsp; I am only asking you to show me your test program (how you are USING my project).</p>\r\n<p>For example, you showed some code like:</p>\r\n<p>&nbsp; <span style=\"color: blue;\">if</span>(_nTime % 10 == 0)<span style=\"color: green;\">//. per 10 seconds update Image</span><br />&nbsp; {<br />&nbsp;&nbsp;&nbsp;&nbsp; BitmapSource bitSrc = System.Windows.Interop.Imaging.CreateBitmapSourceFromHBitmap(<br />&nbsp;&nbsp;&nbsp;&nbsp;&nbsp;&nbsp;&nbsp;&nbsp;&nbsp;&nbsp;&nbsp;&nbsp;&nbsp;&nbsp;&nbsp; _hBitmapStaff,<br />&nbsp;&nbsp;&nbsp;&nbsp;&nbsp;&nbsp;&nbsp;&nbsp;&nbsp;&nbsp;&nbsp;&nbsp;&nbsp;&nbsp;&nbsp; IntPtr.Zero,<br />&nbsp;&nbsp;&nbsp;&nbsp;&nbsp;&nbsp;&nbsp;&nbsp;&nbsp;&nbsp;&nbsp;&nbsp;&nbsp;&nbsp;&nbsp; Int32Rect.Empty,<br />&nbsp;&nbsp;&nbsp;&nbsp;&nbsp;&nbsp;&nbsp;&nbsp;&nbsp;&nbsp;&nbsp;&nbsp;&nbsp;&nbsp;&nbsp; BitmapSizeOptions.FromEmptyOptions());<br /><br />&nbsp;&nbsp;&nbsp;&nbsp; ColorKeyBitmap colorKeyBmp = <span style=\"color: blue;\">new</span> ColorKeyBitmap();<br />&nbsp;&nbsp;&nbsp;&nbsp; colorKeyBmp.TransparentColor = Color.FromArgb(255, 255, 255, 255);<br />&nbsp;&nbsp;&nbsp;&nbsp; colorKeyBmp.Source = bitSrc;<br />&nbsp;&nbsp;&nbsp;&nbsp; img.Source = colorKeyBmp;<br />&nbsp; }<br /><br />&nbsp; <span style=\"color: blue;\">if</span>(_nTime % 2 == 0)<span style=\"color: green;\">//. per 2 seconds update TextBlock</span><br />&nbsp; {<br />&nbsp;&nbsp;&nbsp;&nbsp;&nbsp; text.Text = String.Format(<span style=\"color: #a31515;\">\"{0}\"</span>, _nTime);<br />&nbsp;&nbsp;&nbsp;&nbsp;&nbsp; <span style=\"color: green;\">//text.invalidateVisible();</span><br />&nbsp;&nbsp;&nbsp;&nbsp;&nbsp; <span style=\"color: green;\">//this.invalidateVisible();</span><br />&nbsp; }</p>\r\n<p>But this code snippet leaves me with questions:</p>\r\n<p>1) What kind of timer are you creating?<br />2) What is hBitmapStaff?<br />3) Is anything else interesting happening?<br /><br />If you can just zip up your test program and send it to me, I should be able to determine why it is not working.</p>",
    "PostedDate": "2011-11-02T20:08:09.64-07:00",
    "UserRole": null,
    "MarkedAsAnswerDate": null
  }
]