[
  {
    "Id": "548327",
    "ThreadId": "241525",
    "Html": "\r\n<p>Hi Dwayne</p>\r\n<p>After Reading your&nbsp;very informative blog on &quot;Implementing A Custom BitmapSource&quot;&nbsp;I was wondering if there is a way to create a custom BitmapSource that contains bitmap data that can be dymanically modified?</p>\r\n<p>More specifically, after&nbsp;setting&nbsp;a custom BitmapSource&nbsp;as the Source property on&nbsp;an Image control, the CopyPixels method is only called once when the BitmapSource is first attached. Even if I call Image.InvalidateVisual() or detach and\r\n re-attach the bitmap to the Image.Source property, CopyPixels is not called to refresh the image data, so&nbsp;I assume the pixel data is being cached somewhere within the Image control.</p>\r\n<p>With the WriteableBitmap and InteropBitmap classes, the Image control is&nbsp;refreshed after the bitmap data is modified (on the call to WriteableBitmap.Unlock or InteropBitmap.Invalidate). Is there any way to replicate this behaviour in a custom BitmapSource\r\n derived class, to prompt the Image control to re-read the data from the bitmap?</p>\r\n<p>Thanks, Andy</p>\r\n",
    "PostedDate": "2011-01-12T15:57:00.187-08:00",
    "UserRole": null,
    "MarkedAsAnswerDate": null
  },
  {
    "Id": "548453",
    "ThreadId": "241525",
    "Html": "\r\n<div>\r\n<p>I don’t know how to accomplish this, or even if it is possible. It is clear from the code that this is not intended to be supported.\r\n</p>\r\n</div>\r\n",
    "PostedDate": "2011-01-12T22:07:06.623-08:00",
    "UserRole": null,
    "MarkedAsAnswerDate": null
  },
  {
    "Id": "548584",
    "ThreadId": "241525",
    "Html": "\r\n<p>Thanks Dwayne</p>\r\n<p>Do you know if there's any information on the mechanism(s) that WriteableBitmap and InteropBitmap use to achieve dynamic updating available anywhere? I'm guessing they make use of some feature(s) in the underlying WIC infrastructure but my research on the\r\n web has been fruitless so far.</p>\r\n<p>Thanks again,<br>\r\nAndy</p>\r\n",
    "PostedDate": "2011-01-13T02:52:40.91-08:00",
    "UserRole": null,
    "MarkedAsAnswerDate": null
  },
  {
    "Id": "551601",
    "ThreadId": "241525",
    "Html": "\r\n<div>\r\n<p><span style=\"font-size:11.0pt; font-family:\">We use something similar to, but different, than WIC for our internal bitmap handling. We also plumb commands to our rendering engine to propagate dirty rects, which is the thing WIC doesn’t really expose. WPF\r\n has to manage video textures and copy the pixels from the bitmap down, and obviously update the video texture as the bitmap changes. We expose this via a couple of classes, such as WriteableBitmap, InteropBitmap, and D3DImage.</span></p>\r\n<p><span style=\"font-size:11.0pt; font-family:\"></span></p>\r\n<div>\r\n<div style=\"border:none; border-top:solid #B5C4DF 1.0pt; padding:3.0pt 0in 0in 0in\">\r\n<p><b><span style=\"font-size:10.0pt; font-family:\">From:</span></b><span style=\"font-size:10.0pt; font-family:\"> andybird [email removed]\r\n<br>\r\n<b>Sent:</b> Thursday, January 13, 2011 2:53 AM<br>\r\n<b>To:</b> Dwayne Need<br>\r\n<b>Subject:</b> Re: Dynamic Custom BitmapSource [MicrosoftDwayneNeed:241525]</span></p>\r\n</div>\r\n</div>\r\n<p></p>\r\n<p><span style=\"font-size:9.0pt; font-family:\">From: andybird</span></p>\r\n<div id=\"x_x_ThreadNotificationPostBody\" style=\"margin-bottom:24.0pt\">\r\n<p><span style=\"font-size:9.0pt; font-family:\">Thanks Dwayne</span></p>\r\n<p><span style=\"font-size:9.0pt; font-family:\">Do you know if there's any information on the mechanism(s) that WriteableBitmap and InteropBitmap use to achieve dynamic updating available anywhere? I'm guessing they make use of some feature(s) in the underlying\r\n WIC infrastructure but my research on the web has been fruitless so far.</span></p>\r\n<p><span style=\"font-size:9.0pt; font-family:\">Thanks again,<br>\r\nAndy</span></p>\r\n</div>\r\n</div>\r\n",
    "PostedDate": "2011-01-18T16:15:59.51-08:00",
    "UserRole": null,
    "MarkedAsAnswerDate": null
  },
  {
    "Id": "918479",
    "ThreadId": "241525",
    "Html": "<p>Any ideas on this yet? I'm in need of something similar. Think of your ColorKeyBitmap, where i want to dynamically change which color should be used.</p>\r\n<p>Kind regards,</p>\r\n<p>Stijn</p>",
    "PostedDate": "2012-09-27T07:26:03.9-07:00",
    "UserRole": null,
    "MarkedAsAnswerDate": null
  },
  {
    "Id": "920106",
    "ThreadId": "241525",
    "Html": "\r\n<div>\r\n<p><span style=\"font-size:11.0pt; font-family:\">The last time I looked into this deeply, the bitmap source pixels would be cached. Unfortunately, the mechanisms for updating the cache were not exposed.</span></p>\r\n<p><span style=\"font-size:11.0pt; font-family:\"></span></p>\r\n<p><span style=\"font-size:11.0pt; font-family:\">Your best bet is probably to look at shader effects, which will be more performant as well.</span></p>\r\n<p><span style=\"font-size:11.0pt; font-family:\"><a href=\"http://www.codeproject.com/Articles/71617/Getting-Started-with-Shader-Effects-in-WPF\">http://www.codeproject.com/Articles/71617/Getting-Started-with-Shader-Effects-in-WPF</a></span></p>\r\n<p><span style=\"font-size:11.0pt; font-family:\"></span></p>\r\n<div>\r\n<p><span style=\"font-size:11.0pt; font-family:\">Dwayne Need |<b> System Center</b></span></p>\r\n</div>\r\n<p><span style=\"font-size:11.0pt; font-family:\"></span></p>\r\n<div>\r\n<div style=\"border:none; border-top:solid #B5C4DF 1.0pt; padding:3.0pt 0in 0in 0in\">\r\n<p><b><span style=\"font-size:10.0pt; font-family:\">From:</span></b><span style=\"font-size:10.0pt; font-family:\"> MythJuha [email removed]\r\n<br>\r\n<b>Sent:</b> Thursday, September 27, 2012 7:26 AM<br>\r\n<b>To:</b> Dwayne Need<br>\r\n<b>Subject:</b> Re: Dynamic Custom BitmapSource [MicrosoftDwayneNeed:241525]</span></p>\r\n</div>\r\n</div>\r\n<p></p>\r\n<p><span style=\"font-size:9.0pt; font-family:\">From: MythJuha</span></p>\r\n<div id=\"ThreadNotificationPostBody\" style=\"margin-bottom:24.0pt\">\r\n<p><span style=\"font-size:9.0pt; font-family:\">Any ideas on this yet? I'm in need of something similar. Think of your ColorKeyBitmap, where i want to dynamically change which color should be used.</span></p>\r\n<p><span style=\"font-size:9.0pt; font-family:\">Kind regards,</span></p>\r\n<p><span style=\"font-size:9.0pt; font-family:\">Stijn</span></p>\r\n</div>\r\n</div>\r\n",
    "PostedDate": "2012-10-01T10:05:02.557-07:00",
    "UserRole": null,
    "MarkedAsAnswerDate": null
  },
  {
    "Id": "1406435",
    "ThreadId": "241525",
    "Html": "I also have not found a way to make CustomBitmap notify about changes.\r<br />\nHowever, there is the possibility to create a new copy of your Bitmap (reusing your cache, if you have any).\r<br />\nIt is then redrawn in the next rendering cycle.<br />\n",
    "PostedDate": "2015-04-12T13:45:03.343-07:00",
    "UserRole": null,
    "MarkedAsAnswerDate": null
  }
]