[
  {
    "Id": "37220",
    "Title": "DownloadCompleted do not refresh Image control?",
    "LatestDate": "2016-08-03T16:54:28.227-07:00"
  },
  {
    "Id": "45363",
    "Title": "Input events",
    "LatestDate": "2009-01-27T23:20:56.137-08:00"
  },
  {
    "Id": "70472",
    "Title": "RootElement Measure and Arrange",
    "LatestDate": "2010-01-23T07:16:13.663-08:00"
  },
  {
    "Id": "79296",
    "Title": "ChainedBitmap Freezing Problems",
    "LatestDate": "2010-03-11T14:08:18.04-08:00"
  },
  {
    "Id": "212462",
    "Title": "Another tutorial on custom BitmapSource",
    "LatestDate": "2010-05-12T11:09:23.89-07:00"
  },
  {
    "Id": "231660",
    "Title": "VisualTargetDemo code and printing problem",
    "LatestDate": "2010-10-20T10:29:07.873-07:00"
  },
  {
    "Id": "241525",
    "Title": "Dynamic Custom BitmapSource",
    "LatestDate": "2015-04-12T13:45:03.343-07:00"
  },
  {
    "Id": "245478",
    "Title": "Memory Leak Using Custom Bitmap w/ Image in WPF",
    "LatestDate": "2014-08-14T07:54:57.597-07:00"
  },
  {
    "Id": "248881",
    "Title": "Parallel CustomBitmap CopyPixels",
    "LatestDate": "2011-03-14T08:05:02.737-07:00"
  },
  {
    "Id": "270761",
    "Title": "Memory Leak with Custom Bitmap in your CustomBitmapDemo sample",
    "LatestDate": "2011-10-13T12:32:41.243-07:00"
  },
  {
    "Id": "275775",
    "Title": "Memory leak in using ColorKeyBitmap",
    "LatestDate": "2011-10-13T19:04:02.547-07:00"
  },
  {
    "Id": "275788",
    "Title": "How to update ColorKeyBitmap Source",
    "LatestDate": "2011-10-13T12:33:41.603-07:00"
  },
  {
    "Id": "277915",
    "Title": "Redrawing Failed when ColorkeyBitmap is used.",
    "LatestDate": "2011-11-02T14:08:19.877-07:00"
  },
  {
    "Id": "277988",
    "Title": "WritePreamble() before FormatConvertedBitmap?",
    "LatestDate": "2011-11-02T20:08:09.64-07:00"
  },
  {
    "Id": "278149",
    "Title": "ColorkeyBitmap Test Program - Updating UI",
    "LatestDate": "2011-11-23T02:01:20.093-08:00"
  },
  {
    "Id": "438882",
    "Title": "Running background video",
    "LatestDate": "2013-04-04T12:43:52.227-07:00"
  },
  {
    "Id": "444460",
    "Title": "Thank you",
    "LatestDate": "2013-05-21T09:51:09.553-07:00"
  },
  {
    "Id": "659309",
    "Title": "NuGet for AirspaceDecorator",
    "LatestDate": "2016-11-10T06:12:52.453-08:00"
  }
]