[
  {
    "Id": "683778",
    "ThreadId": "275775",
    "Html": "\r\n<p>I have called bellow code many times,&nbsp;memory usage rapidly increased!</p>\r\n<p>...</p>\r\n<p>BitmapSource bitSrc = System.Windows.Interop.Imaging.CreateBitmapSourceFromHBitmap(...);</p>\r\n<p>ColorKeyBitmap colorKeyBmp = new ColorKeyBitmap();<br>\r\ncolorKeyBmp.TransparentColor = Color.FromArgb(255, 255, 255, 255);<br>\r\ncolorKeyBmp.Source = bitSrc;<br>\r\n<br>\r\nimg.Source = colorKeyBmp;</p>\r\n<p>...</p>\r\n<p>But change code below, no memory leak!</p>\r\n<p>...</p>\r\n<p>img.Source = bitSrc;</p>\r\n<p>...</p>\r\n<p>Please help me!</p>\r\n<p>&nbsp;</p>\r\n<p>&nbsp;</p>\r\n",
    "PostedDate": "2011-10-13T08:51:31.643-07:00",
    "UserRole": null,
    "MarkedAsAnswerDate": null
  },
  {
    "Id": "683902",
    "ThreadId": "275775",
    "Html": "<p>I have just checked in a workaround. I implemented IDisposable on CustomBitmap and ChainedBitmap, and use private reflection to break the problematic cycle. I also added a GC button to the UI to help test.</p>\r\n<div id=\"_mcePaste\" class=\"mcePaste\" style=\"position: absolute; width: 1px; height: 1px; overflow: hidden; top: 0px; left: -10000px;\">﻿</div>",
    "PostedDate": "2011-10-13T12:34:31.307-07:00",
    "UserRole": null,
    "MarkedAsAnswerDate": null
  },
  {
    "Id": "684083",
    "ThreadId": "275775",
    "Html": "<p>Thank you very much for your help!</p>",
    "PostedDate": "2011-10-13T19:04:02.547-07:00",
    "UserRole": null,
    "MarkedAsAnswerDate": null
  }
]