[
  {
    "Id": "271470",
    "ThreadId": "79296",
    "Html": "<p>Hi, I'm trying to use the ColorKeyBitmap in the 4.0 beta but I ran into some issues with freezing. In particular I want to create the color keyed bitmaps in xaml and not in code:</p>\r\n<p>&lt;Image Source=&quot;/objedit;component/Images/VSFolder_closed.bmp&quot; Width=&quot;32&quot; Height=&quot;32&quot; /&gt;<br>&lt;Image Width=&quot;32&quot; Height=&quot;32&quot;&gt;<br>&nbsp;&nbsp;&nbsp; &lt;Image.Source&gt;<br>&nbsp;&nbsp;&nbsp;&nbsp;&nbsp;&nbsp;&nbsp; &lt;utils:ColorKeyBitmap TransparentColor=&quot;Magenta&quot; Source=&quot;/objedit;component/Images/VSFolder_closed.bmp&quot; /&gt;<br>&nbsp;&nbsp;&nbsp; &lt;/Image.Source&gt;<br>&lt;/Image&gt;</p>\r\n<p>I get an exception in ChainedBitmap.OnSourcePropertyChanged which complains that you're trying to modify a frozen object by adding those event listeners. Exception happens if I have the design view open and also if I try to run the project. The exception in the design view is especially nasty because VisualStudio can't seem to recover and becomes unresponsive. If I comment out the code adding the event listeners it seems to work fine, but I suppose it breaks some semantics for downloadable resources.</p>\r\n<p>Second problem is that VisualStudio often is going unresponsive whenever I go into a xaml/designer view containing a BitmapSource subclass, even if there is no exception, and I then have to kill the process. So question: Is your approach of subclassing BitmapSource still usable in 4.0? Or are there any other ways of getting color-keyed image resources into design time?</p>",
    "PostedDate": "2009-12-29T09:07:27.857-08:00",
    "UserRole": null,
    "MarkedAsAnswerDate": null
  },
  {
    "Id": "271655",
    "ThreadId": "79296",
    "Html": "<p>On a second note, the hanging issue may or may not be related, I'm also getting them without BitmapSource overloads, just if I use them its hanging much more often. May be just the fact that it's still a beta.</p>\r\n<p>I still would like to know if overloading BitmapSource is going to be a valid approach in 4.0 though, and if it is the freezing issue should be resolved. I'd like to use it for procedurally generated bitmaps (attached to an image brush most likely) and it would be cool to be able to configure/place them at design time and get a preview how they look like.</p>",
    "PostedDate": "2009-12-30T02:30:04.92-08:00",
    "UserRole": null,
    "MarkedAsAnswerDate": null
  },
  {
    "Id": "416187",
    "ThreadId": "79296",
    "Html": "<p>Thanks for reporting this issue.&nbsp; I have checked in a simple fix.</p>",
    "PostedDate": "2010-03-09T19:26:02.44-08:00",
    "UserRole": null,
    "MarkedAsAnswerDate": null
  },
  {
    "Id": "416235",
    "ThreadId": "79296",
    "Html": "<p>Thanks for looking into this, it works on 2008, but not on 2010/RC, there I get an ugly NotImplementedException in the designer from above XAML snippet. Though it does work if I just run the project. Any idea on this one? It doesn't seem to come from your code ...</p>\r\n<p>System.NotImplementedException<br>The method or operation is not implemented.<br>&nbsp;&nbsp; at System.Windows.Media.Imaging.BitmapSource.UpdateCachedSettings()<br>&nbsp;&nbsp; at System.Windows.Media.Imaging.BitmapSource.set_WicSourceHandle(BitmapSourceSafeMILHandle value)<br>&nbsp;&nbsp; at System.Windows.Media.Imaging.BitmapSource.RecoverFromDecodeFailure(Exception e)<br>&nbsp;&nbsp; at System.Windows.Media.Imaging.BitmapSource.get_DUCECompatiblePtr()<br>&nbsp;&nbsp; at System.Windows.Media.Imaging.BitmapSource.UpdateBitmapSourceResource(Channel channel, Boolean skipOnChannelCheck)<br>&nbsp;&nbsp; at System.Windows.Media.Imaging.BitmapSource.UpdateResource(Channel channel, Boolean skipOnChannelCheck)<br>&nbsp;&nbsp; at System.Windows.Media.Imaging.BitmapSource.AddRefOnChannelCore(Channel channel)<br>&nbsp;&nbsp; at System.Windows.Media.Imaging.BitmapSource.System.Windows.Media.Composition.DUCE.IResource.AddRefOnChannel(Channel channel)<br>&nbsp;&nbsp; at System.Windows.Media.RenderData.System.Windows.Media.Composition.DUCE.IResource.AddRefOnChannel(Channel channel)<br>&nbsp;&nbsp; at System.Windows.UIElement.RenderContent(RenderContext ctx, Boolean isOnChannel)<br>&nbsp;&nbsp; at System.Windows.Media.Visual.RenderRecursive(RenderContext ctx)<br>&nbsp;&nbsp; at System.Windows.Media.Visual.UpdateChildren(RenderContext ctx, ResourceHandle handle)</p>\r\n<p>[goes on a whole lot of RenderRecursive + UpdateChildren]</p>",
    "PostedDate": "2010-03-09T23:29:58.297-08:00",
    "UserRole": null,
    "MarkedAsAnswerDate": null
  },
  {
    "Id": "417179",
    "ThreadId": "79296",
    "Html": "<p>Yeah, I can confirm this too.&nbsp; It is very strange.&nbsp; Apparently the design-time experience in VS2010 creates my ColorKeyBitmap and displays it before setting the Source property.&nbsp; The result is a 0x0 bitmap, which causes WPF to fail internally.</p>\r\n<p>I did discover one workaround:</p>\r\n<div style=\"color:Black;background-color:White\">\r\n<pre><span style=\"color:Blue\">&lt;</span><span style=\"color:#A31515\">Window</span> <span style=\"color:Red\">x:Class</span><span style=\"color:Blue\">=</span><span style=\"color:Black\">&quot;</span><span style=\"color:Blue\">WpfApplication1.MainWindow</span><span style=\"color:Black\">&quot;</span>\r\n        <span style=\"color:Red\">xmlns</span><span style=\"color:Blue\">=</span><span style=\"color:Black\">&quot;</span><span style=\"color:Blue\">http://schemas.microsoft.com/winfx/2006/xaml/presentation</span><span style=\"color:Black\">&quot;</span>\r\n        <span style=\"color:Red\">xmlns:x</span><span style=\"color:Blue\">=</span><span style=\"color:Black\">&quot;</span><span style=\"color:Blue\">http://schemas.microsoft.com/winfx/2006/xaml</span><span style=\"color:Black\">&quot;</span>\r\n        <span style=\"color:Red\">xmlns:utils</span><span style=\"color:Blue\">=</span><span style=\"color:Black\">&quot;</span><span style=\"color:Blue\">clr-namespace:Microsoft.DwayneNeed.Media.Imaging;assembly=Microsoft.DwayneNeed</span><span style=\"color:Black\">&quot;</span>\r\n        <span style=\"color:Red\">Title</span><span style=\"color:Blue\">=</span><span style=\"color:Black\">&quot;</span><span style=\"color:Blue\">MainWindow</span><span style=\"color:Black\">&quot;</span> <span style=\"color:Red\">Height</span><span style=\"color:Blue\">=</span><span style=\"color:Black\">&quot;</span><span style=\"color:Blue\">350</span><span style=\"color:Black\">&quot;</span> <span style=\"color:Red\">Width</span><span style=\"color:Blue\">=</span><span style=\"color:Black\">&quot;</span><span style=\"color:Blue\">525</span><span style=\"color:Black\">&quot;</span><span style=\"color:Blue\">&gt;</span>\r\n  <span style=\"color:Blue\">&lt;</span><span style=\"color:#A31515\">Window.Resources</span><span style=\"color:Blue\">&gt;</span>\r\n    <span style=\"color:Blue\">&lt;</span><span style=\"color:#A31515\">Image</span> <span style=\"color:Red\">x:Key</span><span style=\"color:Blue\">=</span><span style=\"color:Black\">&quot;</span><span style=\"color:Blue\">img</span><span style=\"color:Black\">&quot;</span> <span style=\"color:Red\">Source</span><span style=\"color:Blue\">=</span><span style=\"color:Black\">&quot;</span><span style=\"color:Blue\">silly.bmp</span><span style=\"color:Black\">&quot;</span><span style=\"color:Blue\">/&gt;</span>\r\n  <span style=\"color:Blue\">&lt;/</span><span style=\"color:#A31515\">Window.Resources</span><span style=\"color:Blue\">&gt;</span>\r\n    <span style=\"color:Blue\">&lt;</span><span style=\"color:#A31515\">Image</span><span style=\"color:Blue\">&gt;</span>\r\n      <span style=\"color:Blue\">&lt;</span><span style=\"color:#A31515\">Image.Source</span><span style=\"color:Blue\">&gt;</span>\r\n        <span style=\"color:Green\">&lt;!-- This won't work because the image source is async, and WIC handle is created 1x1 and can never change. --&gt;</span>\r\n        <span style=\"color:Green\">&lt;!--&lt;utils:ColorKeyBitmap TransparentColor=&quot;Red&quot; Source=&quot;http://upload.wikimedia.org/wikipedia/meta/2/2a/Nohat-logo-nowords-bgwhite-200px.jpg&quot;/&gt;--&gt;</span>\r\n\r\n        <span style=\"color:Green\">&lt;!-- This works at run-time, but crashes Cider because Source is null when Cider tries to display it. --&gt;</span>\r\n        <span style=\"color:Green\">&lt;!--&lt;utils:ColorKeyBitmap TransparentColor=&quot;Red&quot; Source=&quot;silly.bmp&quot;/&gt;--&gt;</span>\r\n\r\n        <span style=\"color:Green\">&lt;!-- This works both at runtime and design time, for some reason Cider will set the Source property before displaying the image. --&gt;</span>\r\n        <span style=\"color:Blue\">&lt;</span><span style=\"color:#A31515\">utils</span><span style=\"color:Blue\">:</span><span style=\"color:#A31515\">ColorKeyBitmap</span> <span style=\"color:Red\">TransparentColor</span><span style=\"color:Blue\">=</span><span style=\"color:Black\">&quot;</span><span style=\"color:Blue\">Red</span><span style=\"color:Black\">&quot;</span> <span style=\"color:Red\">Source</span><span style=\"color:Blue\">=</span><span style=\"color:Black\">&quot;</span><span style=\"color:Blue\">{Binding Source={StaticResource img}, Path=Source}</span><span style=\"color:Black\">&quot;</span><span style=\"color:Blue\">/&gt;</span>\r\n      <span style=\"color:Blue\">&lt;/</span><span style=\"color:#A31515\">Image.Source</span><span style=\"color:Blue\">&gt;</span>\r\n    <span style=\"color:Blue\">&lt;/</span><span style=\"color:#A31515\">Image</span><span style=\"color:Blue\">&gt;</span>\r\n<span style=\"color:Blue\">&lt;/</span><span style=\"color:#A31515\">Window</span><span style=\"color:Blue\">&gt;</span>\r\n\r\n</pre>\r\n</div>\r\n<p>Good luck!</p>\r\n<p>&nbsp;</p>",
    "PostedDate": "2010-03-11T14:08:18.04-08:00",
    "UserRole": null,
    "MarkedAsAnswerDate": null
  }
]