[
  {
    "Id": "151284",
    "ThreadId": "45363",
    "Html": "Is there any change to implement mouse events triggering within VisualWrapper?<div>Thanks</div>",
    "PostedDate": "2009-01-27T04:41:45.907-08:00",
    "UserRole": null,
    "MarkedAsAnswerDate": null
  },
  {
    "Id": "151626",
    "ThreadId": "45363",
    "Html": "<p style=\"margin:0in 0in 0pt\"><span style=\"font-family:'calibri','sans-serif';color:#1f497d;font-size:11pt\">Unfortunately not.  Win32 handles reporting the WM_MOUSEMOVE (etc) messages to the top-level window.  Win32 does allow a child window to run on a separate thread, but the HostVisual/VisualTarget is not an HWND, so Win32 delivers the messages to the top-level window.  WPF does not route events across the HostVisual/VisualTarget boundary. </span></p>\r\n",
    "PostedDate": "2009-01-27T23:20:56.137-08:00",
    "UserRole": null,
    "MarkedAsAnswerDate": null
  }
]