[
  {
    "Id": "693123",
    "ThreadId": "278149",
    "Html": "\r\n<p><span lang=\"EN-US\">Hi !</span></p>\r\n<p><span lang=\"EN-US\">Thank you for your help.</span></p>\r\n<p><span lang=\"EN-US\">I send my test program.</span></p>\r\n<p><span lang=\"EN-US\">Copy at least 5 images to bin/Debug folder then it will work well.</span></p>\r\n<p><span lang=\"EN-US\">And I commented to let you understand my poor code.</span></p>\r\n<p><span lang=\"EN-US\">Thank you.</span></p>\r\n",
    "PostedDate": "2011-11-03T00:57:37.463-07:00",
    "UserRole": null,
    "MarkedAsAnswerDate": null
  },
  {
    "Id": "693483",
    "ThreadId": "278149",
    "Html": "<p>Where did you send the test program?&nbsp; Perhaps just paste a link here to skydrive or dropbox?</p>",
    "PostedDate": "2011-11-03T11:23:32.35-07:00",
    "UserRole": null,
    "MarkedAsAnswerDate": null
  },
  {
    "Id": "693661",
    "ThreadId": "278149",
    "Html": "I send test program again.\r\n<div>Sorry.<br>\r\n<br>\r\n<div>2011/11/4 DwayneNeed <span dir=\"ltr\">&lt;<a href=\"mailto:notifications@codeplex.com\">notifications@codeplex.com</a>&gt;</span><br>\r\n<blockquote style=\"margin:0 0 0 .8ex; border-left:1px #ccc solid; padding-left:1ex\">\r\n<div>\r\n<p>From: DwayneNeed</p>\r\n<div>\r\n<p>Where did you send the test program? Perhaps just paste a link here to skydrive or dropbox?</p>\r\n</div>\r\n<div>\r\n<p>Read the <a href=\"http://microsoftdwayneneed.codeplex.com/discussions/278149#post693483\" target=\"_blank\">\r\nfull discussion online</a>.</p>\r\n<p>To add a post to this discussion, reply to this email (<a href=\"mailto:MicrosoftDwayneNeed@discussions.codeplex.com?subject=[MicrosoftDwayneNeed:278149]\" target=\"_blank\">MicrosoftDwayneNeed@discussions.codeplex.com</a>)</p>\r\n<p>To start a new discussion for this project, email <a href=\"mailto:MicrosoftDwayneNeed@discussions.codeplex.com\" target=\"_blank\">\r\nMicrosoftDwayneNeed@discussions.codeplex.com</a></p>\r\n<p>You are receiving this email because you subscribed to this discussion on CodePlex. You can\r\n<a href=\"https://microsoftdwayneneed.codeplex.com/subscriptions/thread/project/edit\" target=\"_blank\">\r\nunsubscribe or change your settings</a> on codePlex.com.</p>\r\n<p>Please note: Images and attachments will be removed from emails. Any posts to this discussion will also be available online at\r\n<a href=\"http://codeplex.com\" target=\"_blank\">codeplex.com</a></p>\r\n</div>\r\n</div>\r\n</blockquote>\r\n</div>\r\n<br>\r\n</div>\r\n",
    "PostedDate": "2011-11-03T18:27:07.27-07:00",
    "UserRole": null,
    "MarkedAsAnswerDate": null
  },
  {
    "Id": "693844",
    "ThreadId": "278149",
    "Html": "<p>Hi</p>\r\n<p>In Google&nbsp;Gmail box, &nbsp;you can download a test program.</p>",
    "PostedDate": "2011-11-04T06:13:07.173-07:00",
    "UserRole": null,
    "MarkedAsAnswerDate": null
  },
  {
    "Id": "694120",
    "ThreadId": "278149",
    "Html": "<p>I don't use gmail much, but I checked my gmail account and there wasn't any message from you.</p>\r\n<p>Please resend your repro to my hotmail account DwayneNeed (_at_) hotmail.com</p>",
    "PostedDate": "2011-11-04T14:32:26.087-07:00",
    "UserRole": null,
    "MarkedAsAnswerDate": null
  },
  {
    "Id": "694639",
    "ThreadId": "278149",
    "Html": "<p>Hi !</p>\r\n<p>I Sent Test Program on Email.</p>\r\n<p>And I am looking forward to the result on my Test Program.</p>\r\n<p>Have a Nice Day.</p>\r\n<p>Thank you.</p>",
    "PostedDate": "2011-11-07T02:15:41.003-08:00",
    "UserRole": null,
    "MarkedAsAnswerDate": null
  },
  {
    "Id": "695682",
    "ThreadId": "278149",
    "Html": "<p>Hi !</p>\r\n<p><a href=\"https://skydrive.live.com/#cid=E514BFD96B4CE2AD&amp;id=E514BFD96B4CE2AD%21103\">https://skydrive.live.com/#cid=E514BFD96B4CE2AD&amp;id=E514BFD96B4CE2AD%21103</a></p>\r\n<p>You can get my Test Program.</p>\r\n<p>Have a Nice Day.</p>\r\n<p>Thank you.</p>",
    "PostedDate": "2011-11-08T23:37:26.743-08:00",
    "UserRole": null,
    "MarkedAsAnswerDate": null
  },
  {
    "Id": "702244",
    "ThreadId": "278149",
    "Html": "<p>Hi !</p>\r\n<p>Any Update ?</p>\r\n<p>Best Regards.</p>",
    "PostedDate": "2011-11-23T02:01:20.093-08:00",
    "UserRole": null,
    "MarkedAsAnswerDate": null
  }
]