{
  "WorkItem": {
    "AffectedComponent": {
      "Name": "",
      "DisplayName": ""
    },
    "ClosedComment": "",
    "ClosedDate": null,
    "CommentCount": 0,
    "Custom": null,
    "Description": "MdiView is an ItemsControl that can generate an MdiWindow container based on an ItemTemplate.  We want to support floating an MdiWindow in its own top-level window, but I need confirm if this is OK given that it might be recycled or something by the ItemsControl.",
    "LastUpdatedDate": "2017-12-10T11:25:53.353-08:00",
    "PlannedForRelease": "",
    "ReleaseVisibleToPublic": false,
    "Priority": {
      "Name": "Medium",
      "Severity": 100,
      "Id": 2
    },
    "ProjectName": "MicrosoftDwayneNeed",
    "ReportedDate": "2011-08-09T21:51:37.973-07:00",
    "Status": {
      "Name": "Proposed",
      "Id": 1
    },
    "ReasonClosed": {
      "Name": "Unassigned"
    },
    "Summary": "Confirm that a floating MdiWindow can reuse the container from the MdiView.",
    "Type": {
      "Name": "Issue",
      "Id": 3
    },
    "VoteCount": 0,
    "Id": 8582
  },
  "FileAttachments": [],
  "Comments": []
}