{
  "WorkItem": {
    "AffectedComponent": {
      "Name": "",
      "DisplayName": ""
    },
    "ClosedComment": "",
    "ClosedDate": null,
    "CommentCount": 0,
    "Custom": null,
    "Description": "Hi I have download the code and compiled it. Then I tried to run some samples. Some of them would run with empty form and some would nto even start.\nIt seems there is something in my machine which is not going along with your library and hence all examples affected.\n \nI am wondering if this is known issue and what is the reason.\n \nPs. Could it be because I am connecting to my pc remotely via Remote Desktop?",
    "LastUpdatedDate": "2013-02-13T17:31:56.687-08:00",
    "PlannedForRelease": "",
    "ReleaseVisibleToPublic": false,
    "Priority": {
      "Name": "Low",
      "Severity": 50,
      "Id": 1
    },
    "ProjectName": "MicrosoftDwayneNeed",
    "ReportedDate": "2010-09-30T05:29:26.477-07:00",
    "Status": {
      "Name": "Proposed",
      "Id": 1
    },
    "ReasonClosed": {
      "Name": "Unassigned"
    },
    "Summary": "Nothing is displayed",
    "Type": {
      "Name": "Issue",
      "Id": 3
    },
    "VoteCount": 1,
    "Id": 7316
  },
  "FileAttachments": [],
  "Comments": []
}