{
  "WorkItem": {
    "AffectedComponent": {
      "Name": "",
      "DisplayName": ""
    },
    "ClosedComment": "",
    "ClosedDate": null,
    "CommentCount": 0,
    "Custom": null,
    "Description": "On a high DPI monitor running Windows 8.1, the following behavior can be seen in the example DwayneNeed application.\n\nIn Clipping mode, the WinForms and WPF controls both render correctly.\n\nIf the window contents are set to Redirect, the WinForms and WPF controls are drawn much higher in scale than they should be, which makes them unusable.",
    "LastUpdatedDate": "2015-04-29T13:30:57.647-07:00",
    "PlannedForRelease": "",
    "ReleaseVisibleToPublic": false,
    "Priority": {
      "Name": "Unassigned",
      "Severity": 0,
      "Id": 0
    },
    "ProjectName": "MicrosoftDwayneNeed",
    "ReportedDate": "2015-04-29T12:01:51.17-07:00",
    "Status": {
      "Name": "Proposed",
      "Id": 1
    },
    "ReasonClosed": {
      "Name": "Unassigned"
    },
    "Summary": "AirspaceMode=\"Redirect\" doesn't respect DPI",
    "Type": {
      "Name": "Unassigned",
      "Id": 5
    },
    "VoteCount": 1,
    "Id": 10930
  },
  "FileAttachments": [
    {
      "FileId": 5747,
      "FileName": "dwayneneed - redirect mode bad dpi.png",
      "DownloadUrl": ".\\5747"
    },
    {
      "FileId": 5748,
      "FileName": "dwayneneed - clipping mode.png",
      "DownloadUrl": ".\\5748"
    }
  ],
  "Comments": [
    {
      "Message": "Forgot to add this attachment earlier. This is the window in Clipping mode.",
      "PostedDate": "2015-04-29T12:03:34.453-07:00",
      "Id": -2147483648
    },
    {
      "Message": "It could be related to this issue as my application under development is using per-monitor DPI (and I have two monitors of different DPI settings), but as far as I know the DemoApp does not have the same DPI awareness setting in any configuration or manifest file:\r\n\r\nhttp://www.codeitive.com/0yiWkWqeqk/transformtodevice-doesnt-return-correct-dpi-factor-on-windows-81.html",
      "PostedDate": "2015-04-29T12:55:39.83-07:00",
      "Id": -2147483648
    },
    {
      "Message": "For now, I fixed it by changing RedirectedHwndHost.OnRender to use TransformFromDevice when rendering the bitmap's output rectangle instead of using the raw pixel size of the bitmap.\r\n\r\n```\n                var bitmapSize = new Vector(_bitmap.Width, _bitmap.Height);\n                var dpiScaleToWpfScale = CurrentHwndSource.CompositionTarget.TransformFromDevice;\n                var adjustedBitmapSize = dpiScaleToWpfScale.Transform(bitmapSize);\r\n\r\n                drawingContext.PushClip(new RectangleGeometry(new Rect(RenderSize)));\n                drawingContext.DrawImage(_bitmap, new Rect(new Size(adjustedBitmapSize.X, adjustedBitmapSize.Y))); // Changed\n                drawingContext.Pop();\n```\r\n\r\nThis code appears to work properly in my circumstance, but I admit that it is a hack. Any comments on how to fix this \"properly\" would be super valuable. Thanks, your library rocks.",
      "PostedDate": "2015-04-29T13:19:00.453-07:00",
      "Id": -2147483648
    },
    {
      "Message": "It should also be stated that my solution causes problems with input redirection, so I would not count this as anywhere close to a direct fix.\r\n\r\nI also have some odd resizing and other behavior from the underlying WindowsFormsHost.\r\n\r\nFor what it's worth, my computer (a lenovo W540 laptop) returns a 2.0 scale factor from TransformToDevice, which implies the screen DPI is 192.",
      "PostedDate": "2015-04-29T13:30:57.647-07:00",
      "Id": -2147483648
    }
  ]
}