[
  {
    "Id": "0",
    "Name": "CustomBitmapDemo",
    "DevelopmentStatus": "None",
    "Description": "Example of writing a custom bitmap source from [url:http://blogs.msdn.com/dwayneneed/archive/2008/06/20/implementing-a-custom-bitmapsource.aspx].",
    "ReleasedDatge": "0001-01-01T00:00:00",
    "ModifiedDate": "2008-06-20T14:18:23.983-07:00",
    "Files": [
      {
        "Id": "00f34ad5-58ca-4e09-bf4f-6b2c0e875d55",
        "FileName": "CustomBitmapDemo.exe",
        "Url": "./0/00f34ad5-58ca-4e09-bf4f-6b2c0e875d55",
        "Type": "Application",
        "UploadDate": "2008-06-20T13:50:54.543-07:00"
      },
      {
        "Id": "88531ed9-cffa-479a-8976-b3d318631e1d",
        "FileName": "Microsoft.DwayneNeed.dll",
        "Url": "./0/88531ed9-cffa-479a-8976-b3d318631e1d",
        "Type": "Source Code",
        "UploadDate": "2008-06-20T13:50:54.573-07:00"
      }
    ]
  },
  {
    "Id": "1",
    "Name": "DemoApp",
    "DevelopmentStatus": "Stable",
    "Description": "The DemoApp is a single application that contains multiple demonstrations based on blogs posted to http://blogs.msdn.com/DwayneNeed.  Currently, it contains demos for:\n* Airspace Mitigations",
    "ReleasedDatge": "0001-01-01T00:00:00",
    "ModifiedDate": "2013-02-27T21:20:09.557-08:00",
    "Files": [
      {
        "Id": "5f287cbd-fb19-4f81-a646-d862bc32db68",
        "FileName": "DemoApp.application",
        "Url": "./1/5f287cbd-fb19-4f81-a646-d862bc32db68",
        "Type": "Application",
        "UploadDate": "2013-02-27T21:20:09.727-08:00"
      }
    ]
  }
]